Unnamed: 0,city,temp_max,humidity,cloudiness,url,lat,lon,date,wind_speed,country
geraldton,geraldton,66.2,63,0,http://api.openweathermap.org/data/2.5/weather?units=Imperial&APPID=e4068837b9354a5b158691132cc2699e&q=geraldton,-28.77,114.6,1603807811,12.75,AU
mataura,mataura,42.01,90,12,http://api.openweathermap.org/data/2.5/weather?units=Imperial&APPID=e4068837b9354a5b158691132cc2699e&q=mataura,-46.19,168.86,1603807949,2.33,NZ
lagoa,lagoa,63.55,69,100,http://api.openweathermap.org/data/2.5/weather?units=Imperial&APPID=e4068837b9354a5b158691132cc2699e&q=lagoa,39.05,-27.98,1603807949,10.13,PT
zaysan,zaysan,46.69,48,0,http://api.openweathermap.org/data/2.5/weather?units=Imperial&APPID=e4068837b9354a5b158691132cc2699e&q=zaysan,47.47,84.87,1603807949,3.18,KZ
cherskiy,cherskiy,5.02,94,46,http://api.openweathermap.org/data/2.5/weather?units=Imperial&APPID=e4068837b9354a5b158691132cc2699e&q=cherskiy,68.75,161.3,1603807949,6.51,RU
bluff,bluff,42.01,90,2,http://api.openweathermap.org/data/2.5/weather?units=Imperial&APPID=e4068837b9354a5b158691132cc2699e&q=bluff,-46.6,168.33,1603807806,8.61,NZ
hamilton,hamilton,46.99,93,90,http://api.openweathermap.org/data/2.5/weather?units=Imperial&APPID=e4068837b9354a5b158691132cc2699e&q=hamilton,39.18,-84.53,1603807871,4.7,US
cape town,cape town,72.0,72,20,http://api.openweathermap.org/data/2.5/weather?units=Imperial&APPID=e4068837b9354a5b158691132cc2699e&q=cape town,-33.93,18.42,1603807950,14.99,ZA
necochea,necochea,66.58,57,0,http://api.openweathermap.org/data/2.5/weather?units=Imperial&APPID=e4068837b9354a5b158691132cc2699e&q=necochea,-38.55,-58.74,1603807950,10.0,AR
new norfolk,new norfolk,48.99,80,95,http://api.openweathermap.org/data/2.5/weather?units=Imperial&APPID=e4068837b9354a5b158691132cc2699e&q=new norfolk,-42.78,147.06,1603807950,1.39,AU
inuvik,inuvik,12.2,85,90,http://api.openweathermap.org/data/2.5/weather?units=Imperial&APPID=e4068837b9354a5b158691132cc2699e&q=inuvik,68.35,-133.72,1603807950,3.36,CA
rosetta,rosetta,80.6,54,40,http://api.openweathermap.org/data/2.5/weather?units=Imperial&APPID=e4068837b9354a5b158691132cc2699e&q=rosetta,31.4,30.42,1603807950,9.17,EG
mar del plata,mar del plata,64.4,42,0,http://api.openweathermap.org/data/2.5/weather?units=Imperial&APPID=e4068837b9354a5b158691132cc2699e&q=mar del plata,-38.0,-57.56,1603807764,9.17,AR
busselton,busselton,62.01,68,77,http://api.openweathermap.org/data/2.5/weather?units=Imperial&APPID=e4068837b9354a5b158691132cc2699e&q=busselton,-33.65,115.33,1603807715,9.19,AU
cidreira,cidreira,63.99,83,86,http://api.openweathermap.org/data/2.5/weather?units=Imperial&APPID=e4068837b9354a5b158691132cc2699e&q=cidreira,-30.18,-50.21,1603807950,18.81,BR
qaanaaq,qaanaaq,8.08,79,79,http://api.openweathermap.org/data/2.5/weather?units=Imperial&APPID=e4068837b9354a5b158691132cc2699e&q=qaanaaq,77.48,-69.36,1603807951,11.14,GL
piranshahr,piranshahr,57.06,34,16,http://api.openweathermap.org/data/2.5/weather?units=Imperial&APPID=e4068837b9354a5b158691132cc2699e&q=piranshahr,36.7,45.14,1603807951,3.96,IR
rikitea,rikitea,75.0,84,99,http://api.openweathermap.org/data/2.5/weather?units=Imperial&APPID=e4068837b9354a5b158691132cc2699e&q=rikitea,-23.12,-134.97,1603807951,18.43,PF
chokurdakh,chokurdakh,6.67,95,100,http://api.openweathermap.org/data/2.5/weather?units=Imperial&APPID=e4068837b9354a5b158691132cc2699e&q=chokurdakh,70.63,147.92,1603807951,4.16,RU
ushuaia,ushuaia,41.0,65,75,http://api.openweathermap.org/data/2.5/weather?units=Imperial&APPID=e4068837b9354a5b158691132cc2699e&q=ushuaia,-54.8,-68.3,1603807657,24.16,AR
punta arenas,punta arenas,44.6,56,40,http://api.openweathermap.org/data/2.5/weather?units=Imperial&APPID=e4068837b9354a5b158691132cc2699e&q=punta arenas,-53.15,-70.92,1603807701,17.22,CL
kruisfontein,kruisfontein,73.0,74,100,http://api.openweathermap.org/data/2.5/weather?units=Imperial&APPID=e4068837b9354a5b158691132cc2699e&q=kruisfontein,-34.0,24.73,1603807951,4.0,ZA
butaritari,butaritari,80.92,68,100,http://api.openweathermap.org/data/2.5/weather?units=Imperial&APPID=e4068837b9354a5b158691132cc2699e&q=butaritari,3.07,172.79,1603807951,8.03,KI
kieta,kieta,79.21,77,10,http://api.openweathermap.org/data/2.5/weather?units=Imperial&APPID=e4068837b9354a5b158691132cc2699e&q=kieta,-6.22,155.63,1603807951,2.98,PG
macamic,macamic,12.2,92,40,http://api.openweathermap.org/data/2.5/weather?units=Imperial&APPID=e4068837b9354a5b158691132cc2699e&q=macamic,48.75,-79.0,1603807951,4.7,CA
khasan,khasan,49.89,48,61,http://api.openweathermap.org/data/2.5/weather?units=Imperial&APPID=e4068837b9354a5b158691132cc2699e&q=khasan,42.43,130.64,1603807951,19.3,RU
broken hill,broken hill,59.0,62,90,http://api.openweathermap.org/data/2.5/weather?units=Imperial&APPID=e4068837b9354a5b158691132cc2699e&q=broken hill,-31.95,141.43,1603807952,8.05,AU
hermanus,hermanus,68.0,73,96,http://api.openweathermap.org/data/2.5/weather?units=Imperial&APPID=e4068837b9354a5b158691132cc2699e&q=hermanus,-34.42,19.23,1603807952,8.99,ZA
barrow,barrow,19.4,85,75,http://api.openweathermap.org/data/2.5/weather?units=Imperial&APPID=e4068837b9354a5b158691132cc2699e&q=barrow,71.29,-156.79,1603807952,12.75,US
mnogovershinnyy,mnogovershinnyy,27.5,98,1,http://api.openweathermap.org/data/2.5/weather?units=Imperial&APPID=e4068837b9354a5b158691132cc2699e&q=mnogovershinnyy,53.94,139.92,1603807952,0.54,RU
lakes entrance,lakes entrance,54.0,94,78,http://api.openweathermap.org/data/2.5/weather?units=Imperial&APPID=e4068837b9354a5b158691132cc2699e&q=lakes entrance,-37.88,147.98,1603807952,8.14,AU
kavieng,kavieng,82.38,68,17,http://api.openweathermap.org/data/2.5/weather?units=Imperial&APPID=e4068837b9354a5b158691132cc2699e&q=kavieng,-2.57,150.8,1603807952,4.29,PG
saldanha,saldanha,69.8,56,100,http://api.openweathermap.org/data/2.5/weather?units=Imperial&APPID=e4068837b9354a5b158691132cc2699e&q=saldanha,-33.01,17.94,1603807952,8.05,ZA
baruun-urt,baruun-urt,27.84,75,0,http://api.openweathermap.org/data/2.5/weather?units=Imperial&APPID=e4068837b9354a5b158691132cc2699e&q=baruun-urt,46.68,113.28,1603807952,6.22,MN
bengkulu,bengkulu,77.52,81,89,http://api.openweathermap.org/data/2.5/weather?units=Imperial&APPID=e4068837b9354a5b158691132cc2699e&q=bengkulu,-3.8,102.27,1603807656,2.57,ID
pangai,pangai,74.79,79,0,http://api.openweathermap.org/data/2.5/weather?units=Imperial&APPID=e4068837b9354a5b158691132cc2699e&q=pangai,-19.8,-174.35,1603807952,18.39,TO
tamandare,tamandare,83.23,64,43,http://api.openweathermap.org/data/2.5/weather?units=Imperial&APPID=e4068837b9354a5b158691132cc2699e&q=tamandare,-8.76,-35.1,1603807952,14.61,BR
alofi,alofi,71.6,88,50,http://api.openweathermap.org/data/2.5/weather?units=Imperial&APPID=e4068837b9354a5b158691132cc2699e&q=alofi,-19.06,-169.92,1603807953,5.82,NU
caravelas,caravelas,80.89,72,99,http://api.openweathermap.org/data/2.5/weather?units=Imperial&APPID=e4068837b9354a5b158691132cc2699e&q=caravelas,-17.71,-39.25,1603807953,6.22,BR
pevek,pevek,19.74,95,100,http://api.openweathermap.org/data/2.5/weather?units=Imperial&APPID=e4068837b9354a5b158691132cc2699e&q=pevek,69.7,170.31,1603807930,16.78,RU
puerto ayora,puerto ayora,66.99,95,100,http://api.openweathermap.org/data/2.5/weather?units=Imperial&APPID=e4068837b9354a5b158691132cc2699e&q=puerto ayora,-0.74,-90.35,1603807953,1.99,EC
mehamn,mehamn,32.0,88,0,http://api.openweathermap.org/data/2.5/weather?units=Imperial&APPID=e4068837b9354a5b158691132cc2699e&q=mehamn,71.04,27.85,1603807953,16.11,NO
jamestown,jamestown,45.0,93,90,http://api.openweathermap.org/data/2.5/weather?units=Imperial&APPID=e4068837b9354a5b158691132cc2699e&q=jamestown,42.1,-79.24,1603807953,4.7,US
ust-omchug,ust-omchug,13.93,89,0,http://api.openweathermap.org/data/2.5/weather?units=Imperial&APPID=e4068837b9354a5b158691132cc2699e&q=ust-omchug,61.15,149.63,1603807953,1.07,RU
carnarvon,carnarvon,69.8,83,0,http://api.openweathermap.org/data/2.5/weather?units=Imperial&APPID=e4068837b9354a5b158691132cc2699e&q=carnarvon,-24.87,113.63,1603807953,26.4,AU
guerrero negro,guerrero negro,57.45,37,0,http://api.openweathermap.org/data/2.5/weather?units=Imperial&APPID=e4068837b9354a5b158691132cc2699e&q=guerrero negro,27.98,-114.06,1603807953,8.05,MX
kavaratti,kavaratti,82.36,71,7,http://api.openweathermap.org/data/2.5/weather?units=Imperial&APPID=e4068837b9354a5b158691132cc2699e&q=kavaratti,10.57,72.64,1603807953,4.45,IN
sao filipe,sao filipe,83.57,62,93,http://api.openweathermap.org/data/2.5/weather?units=Imperial&APPID=e4068837b9354a5b158691132cc2699e&q=sao filipe,14.9,-24.5,1603807954,7.54,CV
atuona,atuona,78.42,73,11,http://api.openweathermap.org/data/2.5/weather?units=Imperial&APPID=e4068837b9354a5b158691132cc2699e&q=atuona,-9.8,-139.03,1603807954,18.99,PF
mersing,mersing,82.4,88,98,http://api.openweathermap.org/data/2.5/weather?units=Imperial&APPID=e4068837b9354a5b158691132cc2699e&q=mersing,2.43,103.84,1603807954,3.36,MY
beloha,beloha,79.68,55,0,http://api.openweathermap.org/data/2.5/weather?units=Imperial&APPID=e4068837b9354a5b158691132cc2699e&q=beloha,-25.17,45.05,1603807954,16.33,MG
jhang,jhang,69.01,34,0,http://api.openweathermap.org/data/2.5/weather?units=Imperial&APPID=e4068837b9354a5b158691132cc2699e&q=jhang,33.67,72.7,1603807954,4.7,PK
vaini,vaini,71.6,88,20,http://api.openweathermap.org/data/2.5/weather?units=Imperial&APPID=e4068837b9354a5b158691132cc2699e&q=vaini,-21.2,-175.2,1603807954,8.05,TO
muros,muros,60.01,92,100,http://api.openweathermap.org/data/2.5/weather?units=Imperial&APPID=e4068837b9354a5b158691132cc2699e&q=muros,42.78,-9.06,1603807954,15.99,ES
hilo,hilo,73.4,88,75,http://api.openweathermap.org/data/2.5/weather?units=Imperial&APPID=e4068837b9354a5b158691132cc2699e&q=hilo,19.73,-155.09,1603807954,3.36,US
scarborough,scarborough,48.99,93,100,http://api.openweathermap.org/data/2.5/weather?units=Imperial&APPID=e4068837b9354a5b158691132cc2699e&q=scarborough,54.28,-0.4,1603807954,1.99,GB
cascais,cascais,64.99,72,75,http://api.openweathermap.org/data/2.5/weather?units=Imperial&APPID=e4068837b9354a5b158691132cc2699e&q=cascais,38.7,-9.42,1603807954,8.05,PT
buala,buala,79.84,80,30,http://api.openweathermap.org/data/2.5/weather?units=Imperial&APPID=e4068837b9354a5b158691132cc2699e&q=buala,-8.14,159.59,1603807955,1.83,SB
emerald,emerald,66.2,93,40,http://api.openweathermap.org/data/2.5/weather?units=Imperial&APPID=e4068837b9354a5b158691132cc2699e&q=emerald,-23.53,148.17,1603807955,2.24,AU
canico,canico,69.8,64,40,http://api.openweathermap.org/data/2.5/weather?units=Imperial&APPID=e4068837b9354a5b158691132cc2699e&q=canico,32.63,-16.85,1603807955,9.17,PT
nhulunbuy,nhulunbuy,78.8,83,0,http://api.openweathermap.org/data/2.5/weather?units=Imperial&APPID=e4068837b9354a5b158691132cc2699e&q=nhulunbuy,-12.23,136.77,1603807955,4.99,AU
lazaro cardenas,lazaro cardenas,78.73,88,100,http://api.openweathermap.org/data/2.5/weather?units=Imperial&APPID=e4068837b9354a5b158691132cc2699e&q=lazaro cardenas,17.96,-102.2,1603807955,4.18,MX
asau,asau,57.0,93,90,http://api.openweathermap.org/data/2.5/weather?units=Imperial&APPID=e4068837b9354a5b158691132cc2699e&q=asau,46.43,26.4,1603807955,4.7,RO
castro,castro,72.59,60,52,http://api.openweathermap.org/data/2.5/weather?units=Imperial&APPID=e4068837b9354a5b158691132cc2699e&q=castro,-24.79,-50.01,1603807882,9.33,BR
nsanje,nsanje,97.03,21,80,http://api.openweathermap.org/data/2.5/weather?units=Imperial&APPID=e4068837b9354a5b158691132cc2699e&q=nsanje,-16.92,35.26,1603807956,5.53,MW
talnakh,talnakh,-0.4,84,50,http://api.openweathermap.org/data/2.5/weather?units=Imperial&APPID=e4068837b9354a5b158691132cc2699e&q=talnakh,69.49,88.4,1603807956,6.71,RU
hithadhoo,hithadhoo,83.98,68,76,http://api.openweathermap.org/data/2.5/weather?units=Imperial&APPID=e4068837b9354a5b158691132cc2699e&q=hithadhoo,-0.6,73.08,1603807956,10.07,MV
khatanga,khatanga,3.67,94,100,http://api.openweathermap.org/data/2.5/weather?units=Imperial&APPID=e4068837b9354a5b158691132cc2699e&q=khatanga,71.97,102.5,1603807956,12.75,RU
mugur-aksy,mugur-aksy,27.01,79,26,http://api.openweathermap.org/data/2.5/weather?units=Imperial&APPID=e4068837b9354a5b158691132cc2699e&q=mugur-aksy,50.35,90.5,1603807956,6.42,RU
kaitangata,kaitangata,48.0,79,5,http://api.openweathermap.org/data/2.5/weather?units=Imperial&APPID=e4068837b9354a5b158691132cc2699e&q=kaitangata,-46.28,169.85,1603807957,1.01,NZ
hasaki,hasaki,55.4,87,20,http://api.openweathermap.org/data/2.5/weather?units=Imperial&APPID=e4068837b9354a5b158691132cc2699e&q=hasaki,35.73,140.83,1603807957,6.93,JP
chifeng,chifeng,41.27,50,0,http://api.openweathermap.org/data/2.5/weather?units=Imperial&APPID=e4068837b9354a5b158691132cc2699e&q=chifeng,42.27,118.96,1603807957,10.18,CN
norman wells,norman wells,23.0,92,90,http://api.openweathermap.org/data/2.5/weather?units=Imperial&APPID=e4068837b9354a5b158691132cc2699e&q=norman wells,65.28,-126.83,1603807957,4.7,CA
fort nelson,fort nelson,23.0,100,75,http://api.openweathermap.org/data/2.5/weather?units=Imperial&APPID=e4068837b9354a5b158691132cc2699e&q=fort nelson,58.81,-122.7,1603807957,8.05,CA
thompson,thompson,19.4,85,75,http://api.openweathermap.org/data/2.5/weather?units=Imperial&APPID=e4068837b9354a5b158691132cc2699e&q=thompson,55.74,-97.86,1603807958,3.09,CA
funtua,funtua,88.14,21,26,http://api.openweathermap.org/data/2.5/weather?units=Imperial&APPID=e4068837b9354a5b158691132cc2699e&q=funtua,11.52,7.31,1603807958,8.95,NG
jijiga,jijiga,75.99,19,19,http://api.openweathermap.org/data/2.5/weather?units=Imperial&APPID=e4068837b9354a5b158691132cc2699e&q=jijiga,9.35,42.8,1603807958,15.84,ET
saskylakh,saskylakh,0.01,91,100,http://api.openweathermap.org/data/2.5/weather?units=Imperial&APPID=e4068837b9354a5b158691132cc2699e&q=saskylakh,71.92,114.08,1603807958,6.44,RU
touros,touros,84.2,66,75,http://api.openweathermap.org/data/2.5/weather?units=Imperial&APPID=e4068837b9354a5b158691132cc2699e&q=touros,-5.2,-35.46,1603807958,11.41,BR
perth,perth,68.0,64,75,http://api.openweathermap.org/data/2.5/weather?units=Imperial&APPID=e4068837b9354a5b158691132cc2699e&q=perth,-31.93,115.83,1603807731,9.17,AU
akureyri,akureyri,37.4,64,90,http://api.openweathermap.org/data/2.5/weather?units=Imperial&APPID=e4068837b9354a5b158691132cc2699e&q=akureyri,65.68,-18.09,1603807959,2.24,IS
saint george,saint george,33.8,20,1,http://api.openweathermap.org/data/2.5/weather?units=Imperial&APPID=e4068837b9354a5b158691132cc2699e&q=saint george,37.1,-113.58,1603807959,10.29,US
maceio,maceio,86.0,58,75,http://api.openweathermap.org/data/2.5/weather?units=Imperial&APPID=e4068837b9354a5b158691132cc2699e&q=maceio,-9.67,-35.74,1603807694,10.29,BR
saint anthony,saint anthony,19.99,85,1,http://api.openweathermap.org/data/2.5/weather?units=Imperial&APPID=e4068837b9354a5b158691132cc2699e&q=saint anthony,45.02,-93.22,1603807959,6.93,US
ribeira grande,ribeira grande,68.0,60,75,http://api.openweathermap.org/data/2.5/weather?units=Imperial&APPID=e4068837b9354a5b158691132cc2699e&q=ribeira grande,38.52,-28.7,1603807959,9.17,PT
saint-georges,saint-georges,86.0,74,20,http://api.openweathermap.org/data/2.5/weather?units=Imperial&APPID=e4068837b9354a5b158691132cc2699e&q=saint-georges,12.06,-61.75,1603807959,18.34,GD
sharjah,sharjah,89.6,27,0,http://api.openweathermap.org/data/2.5/weather?units=Imperial&APPID=e4068837b9354a5b158691132cc2699e&q=sharjah,25.36,55.4,1603807959,10.29,AE
tiksi,tiksi,3.74,93,98,http://api.openweathermap.org/data/2.5/weather?units=Imperial&APPID=e4068837b9354a5b158691132cc2699e&q=tiksi,71.69,128.87,1603807959,5.79,RU
chuy,chuy,65.21,72,100,http://api.openweathermap.org/data/2.5/weather?units=Imperial&APPID=e4068837b9354a5b158691132cc2699e&q=chuy,-33.7,-53.46,1603807959,17.49,UY
hobart,hobart,50.0,100,90,http://api.openweathermap.org/data/2.5/weather?units=Imperial&APPID=e4068837b9354a5b158691132cc2699e&q=hobart,-42.88,147.33,1603807825,5.82,AU
luderitz,luderitz,66.6,55,100,http://api.openweathermap.org/data/2.5/weather?units=Imperial&APPID=e4068837b9354a5b158691132cc2699e&q=luderitz,-26.65,15.16,1603807960,16.46,
atar,atar,99.57,10,0,http://api.openweathermap.org/data/2.5/weather?units=Imperial&APPID=e4068837b9354a5b158691132cc2699e&q=atar,20.52,-13.05,1603807960,13.49,MR
yatou,yatou,57.38,59,100,http://api.openweathermap.org/data/2.5/weather?units=Imperial&APPID=e4068837b9354a5b158691132cc2699e&q=yatou,37.15,122.38,1603807960,9.55,CN
severo-kurilsk,severo-kurilsk,42.26,83,3,http://api.openweathermap.org/data/2.5/weather?units=Imperial&APPID=e4068837b9354a5b158691132cc2699e&q=severo-kurilsk,50.68,156.12,1603807960,6.04,RU
bayburt,bayburt,59.76,32,100,http://api.openweathermap.org/data/2.5/weather?units=Imperial&APPID=e4068837b9354a5b158691132cc2699e&q=bayburt,40.26,40.23,1603807960,3.02,TR
pangnirtung,pangnirtung,14.0,66,20,http://api.openweathermap.org/data/2.5/weather?units=Imperial&APPID=e4068837b9354a5b158691132cc2699e&q=pangnirtung,66.15,-65.71,1603807960,4.47,CA
ust-ilimsk,ust-ilimsk,26.38,98,100,http://api.openweathermap.org/data/2.5/weather?units=Imperial&APPID=e4068837b9354a5b158691132cc2699e&q=ust-ilimsk,58.0,102.66,1603807927,2.62,RU
nova olimpia,nova olimpia,97.05,43,56,http://api.openweathermap.org/data/2.5/weather?units=Imperial&APPID=e4068837b9354a5b158691132cc2699e&q=nova olimpia,-14.8,-57.29,1603807960,2.66,BR
acapulco,acapulco,78.8,94,90,http://api.openweathermap.org/data/2.5/weather?units=Imperial&APPID=e4068837b9354a5b158691132cc2699e&q=acapulco,16.86,-99.89,1603807803,3.36,MX
gorokhovets,gorokhovets,39.2,64,0,http://api.openweathermap.org/data/2.5/weather?units=Imperial&APPID=e4068837b9354a5b158691132cc2699e&q=gorokhovets,56.19,42.7,1603807960,4.47,RU
velyka oleksandrivka,velyka oleksandrivka,64.15,55,0,http://api.openweathermap.org/data/2.5/weather?units=Imperial&APPID=e4068837b9354a5b158691132cc2699e&q=velyka oleksandrivka,47.32,33.3,1603807960,9.98,UA
viedma,viedma,55.99,77,100,http://api.openweathermap.org/data/2.5/weather?units=Imperial&APPID=e4068837b9354a5b158691132cc2699e&q=viedma,-40.81,-63.0,1603807960,7.0,AR
lebu,lebu,53.62,57,0,http://api.openweathermap.org/data/2.5/weather?units=Imperial&APPID=e4068837b9354a5b158691132cc2699e&q=lebu,-37.62,-73.65,1603807960,4.88,CL
bereda,bereda,57.99,87,100,http://api.openweathermap.org/data/2.5/weather?units=Imperial&APPID=e4068837b9354a5b158691132cc2699e&q=bereda,43.27,-7.54,1603807960,18.99,ES
duncan,duncan,32.0,98,90,http://api.openweathermap.org/data/2.5/weather?units=Imperial&APPID=e4068837b9354a5b158691132cc2699e&q=duncan,34.5,-97.96,1603807961,8.05,US
yellowknife,yellowknife,19.4,73,90,http://api.openweathermap.org/data/2.5/weather?units=Imperial&APPID=e4068837b9354a5b158691132cc2699e&q=yellowknife,62.46,-114.35,1603807818,16.11,CA
brae,brae,50.0,87,75,http://api.openweathermap.org/data/2.5/weather?units=Imperial&APPID=e4068837b9354a5b158691132cc2699e&q=brae,60.4,-1.35,1603807961,9.17,GB
bilibino,bilibino,-0.6,91,99,http://api.openweathermap.org/data/2.5/weather?units=Imperial&APPID=e4068837b9354a5b158691132cc2699e&q=bilibino,68.05,166.44,1603807961,1.36,RU
plaster rock,plaster rock,35.6,69,90,http://api.openweathermap.org/data/2.5/weather?units=Imperial&APPID=e4068837b9354a5b158691132cc2699e&q=plaster rock,46.91,-67.39,1603807961,6.93,CA
codrington,codrington,47.68,92,8,http://api.openweathermap.org/data/2.5/weather?units=Imperial&APPID=e4068837b9354a5b158691132cc2699e&q=codrington,-38.27,141.97,1603807961,7.96,AU
georgetown,georgetown,84.2,79,20,http://api.openweathermap.org/data/2.5/weather?units=Imperial&APPID=e4068837b9354a5b158691132cc2699e&q=georgetown,5.41,100.34,1603807961,5.82,MY
avarua,avarua,68.0,82,100,http://api.openweathermap.org/data/2.5/weather?units=Imperial&APPID=e4068837b9354a5b158691132cc2699e&q=avarua,-21.21,-159.78,1603807961,9.17,CK
mount isa,mount isa,73.4,17,0,http://api.openweathermap.org/data/2.5/weather?units=Imperial&APPID=e4068837b9354a5b158691132cc2699e&q=mount isa,-20.73,139.5,1603807961,6.93,AU
bud,bud,44.01,100,90,http://api.openweathermap.org/data/2.5/weather?units=Imperial&APPID=e4068837b9354a5b158691132cc2699e&q=bud,39.45,-86.18,1603807961,4.72,US
susurluk,susurluk,77.0,44,20,http://api.openweathermap.org/data/2.5/weather?units=Imperial&APPID=e4068837b9354a5b158691132cc2699e&q=susurluk,39.91,28.16,1603807961,5.73,TR
raga,raga,88.84,49,5,http://api.openweathermap.org/data/2.5/weather?units=Imperial&APPID=e4068837b9354a5b158691132cc2699e&q=raga,8.46,25.68,1603807961,3.24,SS
hobyo,hobyo,81.23,73,1,http://api.openweathermap.org/data/2.5/weather?units=Imperial&APPID=e4068837b9354a5b158691132cc2699e&q=hobyo,5.35,48.53,1603807962,9.26,SO
hovd,hovd,32.31,80,97,http://api.openweathermap.org/data/2.5/weather?units=Imperial&APPID=e4068837b9354a5b158691132cc2699e&q=hovd,48.01,91.64,1603807962,0.72,MN
lavrentiya,lavrentiya,29.86,98,100,http://api.openweathermap.org/data/2.5/weather?units=Imperial&APPID=e4068837b9354a5b158691132cc2699e&q=lavrentiya,65.58,-171.0,1603807962,5.84,RU
kapaa,kapaa,78.33,69,100,http://api.openweathermap.org/data/2.5/weather?units=Imperial&APPID=e4068837b9354a5b158691132cc2699e&q=kapaa,22.08,-159.32,1603807962,4.25,US
imeni poliny osipenko,imeni poliny osipenko,31.05,88,100,http://api.openweathermap.org/data/2.5/weather?units=Imperial&APPID=e4068837b9354a5b158691132cc2699e&q=imeni poliny osipenko,52.42,136.49,1603807929,3.0,RU
loa janan,loa janan,77.49,85,100,http://api.openweathermap.org/data/2.5/weather?units=Imperial&APPID=e4068837b9354a5b158691132cc2699e&q=loa janan,-0.58,117.09,1603807962,2.1,ID
cayenne,cayenne,87.8,62,40,http://api.openweathermap.org/data/2.5/weather?units=Imperial&APPID=e4068837b9354a5b158691132cc2699e&q=cayenne,4.93,-52.33,1603807962,5.82,GF
antipino,antipino,26.6,79,90,http://api.openweathermap.org/data/2.5/weather?units=Imperial&APPID=e4068837b9354a5b158691132cc2699e&q=antipino,57.11,65.76,1603807962,24.61,RU
afua,afua,91.85,50,37,http://api.openweathermap.org/data/2.5/weather?units=Imperial&APPID=e4068837b9354a5b158691132cc2699e&q=afua,-0.16,-50.39,1603807962,6.53,BR
bilma,bilma,90.48,11,0,http://api.openweathermap.org/data/2.5/weather?units=Imperial&APPID=e4068837b9354a5b158691132cc2699e&q=bilma,18.69,12.92,1603807963,2.71,NE
narsaq,narsaq,32.0,88,75,http://api.openweathermap.org/data/2.5/weather?units=Imperial&APPID=e4068837b9354a5b158691132cc2699e&q=narsaq,60.92,-46.05,1603807963,3.36,GL
arman,arman,29.01,86,0,http://api.openweathermap.org/data/2.5/weather?units=Imperial&APPID=e4068837b9354a5b158691132cc2699e&q=arman,59.7,150.17,1603807963,7.45,RU
maniitsoq,maniitsoq,22.28,90,0,http://api.openweathermap.org/data/2.5/weather?units=Imperial&APPID=e4068837b9354a5b158691132cc2699e&q=maniitsoq,65.42,-52.9,1603807963,11.27,GL
eyl,eyl,79.99,58,97,http://api.openweathermap.org/data/2.5/weather?units=Imperial&APPID=e4068837b9354a5b158691132cc2699e&q=eyl,7.98,49.82,1603807963,12.48,SO
fortuna,fortuna,41.0,60,1,http://api.openweathermap.org/data/2.5/weather?units=Imperial&APPID=e4068837b9354a5b158691132cc2699e&q=fortuna,40.6,-124.16,1603807963,10.29,US
katherine,katherine,80.6,61,90,http://api.openweathermap.org/data/2.5/weather?units=Imperial&APPID=e4068837b9354a5b158691132cc2699e&q=katherine,-14.47,132.27,1603807918,4.7,AU
felipe carrillo puerto,felipe carrillo puerto,79.2,85,100,http://api.openweathermap.org/data/2.5/weather?units=Imperial&APPID=e4068837b9354a5b158691132cc2699e&q=felipe carrillo puerto,19.58,-88.05,1603807963,6.22,MX
dikson,dikson,9.63,96,100,http://api.openweathermap.org/data/2.5/weather?units=Imperial&APPID=e4068837b9354a5b158691132cc2699e&q=dikson,73.51,80.55,1603807963,18.34,RU
iqaluit,iqaluit,12.2,78,75,http://api.openweathermap.org/data/2.5/weather?units=Imperial&APPID=e4068837b9354a5b158691132cc2699e&q=iqaluit,63.75,-68.51,1603807963,4.7,CA
airai,airai,62.55,100,100,http://api.openweathermap.org/data/2.5/weather?units=Imperial&APPID=e4068837b9354a5b158691132cc2699e&q=airai,-8.93,125.41,1603807964,1.52,TL
rundu,rundu,101.89,9,75,http://api.openweathermap.org/data/2.5/weather?units=Imperial&APPID=e4068837b9354a5b158691132cc2699e&q=rundu,-17.93,19.77,1603807964,9.08,
bow island,bow island,39.2,69,90,http://api.openweathermap.org/data/2.5/weather?units=Imperial&APPID=e4068837b9354a5b158691132cc2699e&q=bow island,49.87,-111.37,1603807964,18.34,CA
roebourne,roebourne,71.37,86,40,http://api.openweathermap.org/data/2.5/weather?units=Imperial&APPID=e4068837b9354a5b158691132cc2699e&q=roebourne,-20.78,117.13,1603807964,9.17,AU
winton,winton,44.6,81,1,http://api.openweathermap.org/data/2.5/weather?units=Imperial&APPID=e4068837b9354a5b158691132cc2699e&q=winton,37.39,-120.61,1603807964,6.93,US
tuktoyaktuk,tuktoyaktuk,10.4,92,90,http://api.openweathermap.org/data/2.5/weather?units=Imperial&APPID=e4068837b9354a5b158691132cc2699e&q=tuktoyaktuk,69.45,-133.04,1603807964,9.17,CA
albany,albany,48.0,72,64,http://api.openweathermap.org/data/2.5/weather?units=Imperial&APPID=e4068837b9354a5b158691132cc2699e&q=albany,42.6,-73.97,1603807964,4.47,US
ponta do sol,ponta do sol,69.8,64,40,http://api.openweathermap.org/data/2.5/weather?units=Imperial&APPID=e4068837b9354a5b158691132cc2699e&q=ponta do sol,32.67,-17.1,1603807964,9.17,PT
adolfo lopez mateos,adolfo lopez mateos,46.0,62,0,http://api.openweathermap.org/data/2.5/weather?units=Imperial&APPID=e4068837b9354a5b158691132cc2699e&q=adolfo lopez mateos,28.47,-107.3,1603807964,5.99,MX
tenenkou,tenenkou,100.94,8,29,http://api.openweathermap.org/data/2.5/weather?units=Imperial&APPID=e4068837b9354a5b158691132cc2699e&q=tenenkou,14.46,-4.92,1603807964,14.18,ML
yerbogachen,yerbogachen,21.31,97,90,http://api.openweathermap.org/data/2.5/weather?units=Imperial&APPID=e4068837b9354a5b158691132cc2699e&q=yerbogachen,61.28,108.01,1603807964,2.24,RU
bredasdorp,bredasdorp,73.4,53,89,http://api.openweathermap.org/data/2.5/weather?units=Imperial&APPID=e4068837b9354a5b158691132cc2699e&q=bredasdorp,-34.53,20.04,1603807964,19.46,ZA
launceston,launceston,48.2,81,90,http://api.openweathermap.org/data/2.5/weather?units=Imperial&APPID=e4068837b9354a5b158691132cc2699e&q=launceston,-41.45,147.17,1603807965,12.75,AU
saint-philippe,saint-philippe,78.8,61,0,http://api.openweathermap.org/data/2.5/weather?units=Imperial&APPID=e4068837b9354a5b158691132cc2699e&q=saint-philippe,-21.36,55.77,1603807965,6.93,RE
broome,broome,45.0,86,90,http://api.openweathermap.org/data/2.5/weather?units=Imperial&APPID=e4068837b9354a5b158691132cc2699e&q=broome,42.25,-75.83,1603807965,3.36,US
torbay,torbay,39.2,100,90,http://api.openweathermap.org/data/2.5/weather?units=Imperial&APPID=e4068837b9354a5b158691132cc2699e&q=torbay,47.67,-52.73,1603807965,10.29,CA
hofn,hofn,38.88,74,100,http://api.openweathermap.org/data/2.5/weather?units=Imperial&APPID=e4068837b9354a5b158691132cc2699e&q=hofn,64.25,-15.21,1603807965,16.84,IS
gornopravdinsk,gornopravdinsk,21.07,95,100,http://api.openweathermap.org/data/2.5/weather?units=Imperial&APPID=e4068837b9354a5b158691132cc2699e&q=gornopravdinsk,60.05,69.9,1603807965,12.73,RU
flin flon,flin flon,24.8,92,90,http://api.openweathermap.org/data/2.5/weather?units=Imperial&APPID=e4068837b9354a5b158691132cc2699e&q=flin flon,54.77,-101.86,1603807965,2.24,CA
makakilo city,makakilo city,73.4,94,1,http://api.openweathermap.org/data/2.5/weather?units=Imperial&APPID=e4068837b9354a5b158691132cc2699e&q=makakilo city,21.35,-158.09,1603807965,3.36,US
teseney,teseney,99.52,12,20,http://api.openweathermap.org/data/2.5/weather?units=Imperial&APPID=e4068837b9354a5b158691132cc2699e&q=teseney,15.11,36.66,1603807965,6.62,ER
bombay,bombay,87.8,52,40,http://api.openweathermap.org/data/2.5/weather?units=Imperial&APPID=e4068837b9354a5b158691132cc2699e&q=bombay,19.01,72.85,1603807956,4.7,IN
barcelos,barcelos,59.0,100,75,http://api.openweathermap.org/data/2.5/weather?units=Imperial&APPID=e4068837b9354a5b158691132cc2699e&q=barcelos,41.54,-8.62,1603807764,16.11,PT
samana,samana,78.8,88,40,http://api.openweathermap.org/data/2.5/weather?units=Imperial&APPID=e4068837b9354a5b158691132cc2699e&q=samana,19.21,-69.34,1603807966,8.57,DO
anchorage,anchorage,34.0,90,90,http://api.openweathermap.org/data/2.5/weather?units=Imperial&APPID=e4068837b9354a5b158691132cc2699e&q=anchorage,61.22,-149.9,1603807813,3.36,US
prince rupert,prince rupert,48.2,100,90,http://api.openweathermap.org/data/2.5/weather?units=Imperial&APPID=e4068837b9354a5b158691132cc2699e&q=prince rupert,54.32,-130.32,1603807966,5.82,CA
itaqui,itaqui,68.56,63,0,http://api.openweathermap.org/data/2.5/weather?units=Imperial&APPID=e4068837b9354a5b158691132cc2699e&q=itaqui,-29.13,-56.55,1603807870,4.72,BR
korla,korla,45.55,51,21,http://api.openweathermap.org/data/2.5/weather?units=Imperial&APPID=e4068837b9354a5b158691132cc2699e&q=korla,41.76,86.15,1603807966,2.13,CN
khandyga,khandyga,16.75,97,99,http://api.openweathermap.org/data/2.5/weather?units=Imperial&APPID=e4068837b9354a5b158691132cc2699e&q=khandyga,62.67,135.6,1603807966,1.81,RU
kodiak,kodiak,44.6,56,1,http://api.openweathermap.org/data/2.5/weather?units=Imperial&APPID=e4068837b9354a5b158691132cc2699e&q=kodiak,57.79,-152.41,1603807966,13.87,US
bogatyr,bogatyr,33.8,74,0,http://api.openweathermap.org/data/2.5/weather?units=Imperial&APPID=e4068837b9354a5b158691132cc2699e&q=bogatyr,53.43,49.95,1603807966,4.47,RU
bakchar,bakchar,36.64,93,76,http://api.openweathermap.org/data/2.5/weather?units=Imperial&APPID=e4068837b9354a5b158691132cc2699e&q=bakchar,57.02,82.07,1603807966,4.16,RU
souillac,souillac,77.0,69,40,http://api.openweathermap.org/data/2.5/weather?units=Imperial&APPID=e4068837b9354a5b158691132cc2699e&q=souillac,-20.52,57.52,1603807966,9.17,MU
dibulla,dibulla,83.88,71,1,http://api.openweathermap.org/data/2.5/weather?units=Imperial&APPID=e4068837b9354a5b158691132cc2699e&q=dibulla,11.27,-73.31,1603807966,8.97,CO
eureka,eureka,44.6,86,1,http://api.openweathermap.org/data/2.5/weather?units=Imperial&APPID=e4068837b9354a5b158691132cc2699e&q=eureka,40.8,-124.16,1603807672,3.36,US
newport,newport,57.0,93,76,http://api.openweathermap.org/data/2.5/weather?units=Imperial&APPID=e4068837b9354a5b158691132cc2699e&q=newport,51.59,-3.0,1603807967,3.0,GB
keuruu,keuruu,51.8,93,90,http://api.openweathermap.org/data/2.5/weather?units=Imperial&APPID=e4068837b9354a5b158691132cc2699e&q=keuruu,62.27,24.7,1603807967,11.41,FI
la ronge,la ronge,26.6,92,90,http://api.openweathermap.org/data/2.5/weather?units=Imperial&APPID=e4068837b9354a5b158691132cc2699e&q=la ronge,55.1,-105.28,1603807967,4.7,CA
rocha,rocha,64.09,68,66,http://api.openweathermap.org/data/2.5/weather?units=Imperial&APPID=e4068837b9354a5b158691132cc2699e&q=rocha,-34.48,-54.33,1603807967,13.06,UY
zlobin,zlobin,60.01,87,75,http://api.openweathermap.org/data/2.5/weather?units=Imperial&APPID=e4068837b9354a5b158691132cc2699e&q=zlobin,45.29,14.65,1603807967,5.82,HR
tevaitoa,tevaitoa,80.35,79,96,http://api.openweathermap.org/data/2.5/weather?units=Imperial&APPID=e4068837b9354a5b158691132cc2699e&q=tevaitoa,-16.78,-151.5,1603807967,16.49,PF
arraial do cabo,arraial do cabo,82.4,69,40,http://api.openweathermap.org/data/2.5/weather?units=Imperial&APPID=e4068837b9354a5b158691132cc2699e&q=arraial do cabo,-22.97,-42.03,1603807967,9.17,BR
rexburg,rexburg,23.0,62,75,http://api.openweathermap.org/data/2.5/weather?units=Imperial&APPID=e4068837b9354a5b158691132cc2699e&q=rexburg,43.83,-111.79,1603807705,3.85,US
port elizabeth,port elizabeth,71.6,73,0,http://api.openweathermap.org/data/2.5/weather?units=Imperial&APPID=e4068837b9354a5b158691132cc2699e&q=port elizabeth,-33.92,25.57,1603807967,11.41,ZA
henties bay,henties bay,60.01,84,1,http://api.openweathermap.org/data/2.5/weather?units=Imperial&APPID=e4068837b9354a5b158691132cc2699e&q=henties bay,-22.12,14.28,1603807967,3.0,
pictou,pictou,48.0,94,100,http://api.openweathermap.org/data/2.5/weather?units=Imperial&APPID=e4068837b9354a5b158691132cc2699e&q=pictou,45.68,-62.72,1603807967,3.0,CA
yamethin,yamethin,76.06,85,44,http://api.openweathermap.org/data/2.5/weather?units=Imperial&APPID=e4068837b9354a5b158691132cc2699e&q=yamethin,20.43,96.15,1603807968,2.82,MM
marawi,marawi,75.99,91,100,http://api.openweathermap.org/data/2.5/weather?units=Imperial&APPID=e4068837b9354a5b158691132cc2699e&q=marawi,8.0,124.29,1603807968,5.01,PH
havre,havre,53.6,87,90,http://api.openweathermap.org/data/2.5/weather?units=Imperial&APPID=e4068837b9354a5b158691132cc2699e&q=havre,49.58,0.33,1603807968,19.46,FR
havre-saint-pierre,havre-saint-pierre,32.0,96,90,http://api.openweathermap.org/data/2.5/weather?units=Imperial&APPID=e4068837b9354a5b158691132cc2699e&q=havre-saint-pierre,50.23,-63.6,1603807968,4.7,CA
csorna,csorna,60.8,76,0,http://api.openweathermap.org/data/2.5/weather?units=Imperial&APPID=e4068837b9354a5b158691132cc2699e&q=csorna,47.61,17.25,1603807968,11.41,HU
katsuura,katsuura,62.6,72,20,http://api.openweathermap.org/data/2.5/weather?units=Imperial&APPID=e4068837b9354a5b158691132cc2699e&q=katsuura,35.13,140.3,1603807926,5.82,JP
ranong,ranong,78.8,94,75,http://api.openweathermap.org/data/2.5/weather?units=Imperial&APPID=e4068837b9354a5b158691132cc2699e&q=ranong,9.97,98.63,1603807968,2.24,TH
harper,harper,80.02,84,100,http://api.openweathermap.org/data/2.5/weather?units=Imperial&APPID=e4068837b9354a5b158691132cc2699e&q=harper,4.38,-7.72,1603807968,8.93,LR
arawa,arawa,77.58,80,7,http://api.openweathermap.org/data/2.5/weather?units=Imperial&APPID=e4068837b9354a5b158691132cc2699e&q=arawa,-6.21,155.54,1603807968,2.75,PG
faanui,faanui,79.43,82,72,http://api.openweathermap.org/data/2.5/weather?units=Imperial&APPID=e4068837b9354a5b158691132cc2699e&q=faanui,-16.48,-151.75,1603807968,16.51,PF
sao joao da barra,sao joao da barra,78.8,69,40,http://api.openweathermap.org/data/2.5/weather?units=Imperial&APPID=e4068837b9354a5b158691132cc2699e&q=sao joao da barra,-21.64,-41.05,1603807968,4.7,BR
tuy hoa,tuy hoa,74.62,88,100,http://api.openweathermap.org/data/2.5/weather?units=Imperial&APPID=e4068837b9354a5b158691132cc2699e&q=tuy hoa,13.08,109.3,1603807968,24.32,VN
cuiluan,cuiluan,33.93,85,46,http://api.openweathermap.org/data/2.5/weather?units=Imperial&APPID=e4068837b9354a5b158691132cc2699e&q=cuiluan,47.72,128.65,1603807968,4.59,CN
tasiilaq,tasiilaq,32.0,91,75,http://api.openweathermap.org/data/2.5/weather?units=Imperial&APPID=e4068837b9354a5b158691132cc2699e&q=tasiilaq,65.61,-37.64,1603807968,21.92,GL
upernavik,upernavik,17.87,84,0,http://api.openweathermap.org/data/2.5/weather?units=Imperial&APPID=e4068837b9354a5b158691132cc2699e&q=upernavik,72.79,-56.15,1603807969,7.02,GL
anloga,anloga,86.0,74,20,http://api.openweathermap.org/data/2.5/weather?units=Imperial&APPID=e4068837b9354a5b158691132cc2699e&q=anloga,5.79,0.9,1603807969,9.17,GH
ayna,ayna,64.4,42,20,http://api.openweathermap.org/data/2.5/weather?units=Imperial&APPID=e4068837b9354a5b158691132cc2699e&q=ayna,-12.65,-73.92,1603807969,2.24,PE
pochutla,pochutla,75.99,83,40,http://api.openweathermap.org/data/2.5/weather?units=Imperial&APPID=e4068837b9354a5b158691132cc2699e&q=pochutla,15.74,-96.47,1603807969,3.51,MX
mount gambier,mount gambier,50.0,93,0,http://api.openweathermap.org/data/2.5/weather?units=Imperial&APPID=e4068837b9354a5b158691132cc2699e&q=mount gambier,-37.83,140.77,1603807776,8.05,AU
sagua la grande,sagua la grande,80.6,88,75,http://api.openweathermap.org/data/2.5/weather?units=Imperial&APPID=e4068837b9354a5b158691132cc2699e&q=sagua la grande,22.81,-80.08,1603807969,4.7,CU
odessa,odessa,66.2,68,0,http://api.openweathermap.org/data/2.5/weather?units=Imperial&APPID=e4068837b9354a5b158691132cc2699e&q=odessa,46.48,30.73,1603807969,6.71,UA
samarinda,samarinda,77.58,85,100,http://api.openweathermap.org/data/2.5/weather?units=Imperial&APPID=e4068837b9354a5b158691132cc2699e&q=samarinda,-0.5,117.15,1603807744,2.15,ID
winnemucca,winnemucca,15.8,33,1,http://api.openweathermap.org/data/2.5/weather?units=Imperial&APPID=e4068837b9354a5b158691132cc2699e&q=winnemucca,40.97,-117.74,1603807969,5.82,US
coihaique,coihaique,39.2,80,90,http://api.openweathermap.org/data/2.5/weather?units=Imperial&APPID=e4068837b9354a5b158691132cc2699e&q=coihaique,-45.58,-72.07,1603807969,8.05,CL
te anau,te anau,39.94,89,16,http://api.openweathermap.org/data/2.5/weather?units=Imperial&APPID=e4068837b9354a5b158691132cc2699e&q=te anau,-45.42,167.72,1603807969,1.16,NZ
miraflores,miraflores,50.0,70,75,http://api.openweathermap.org/data/2.5/weather?units=Imperial&APPID=e4068837b9354a5b158691132cc2699e&q=miraflores,19.22,-98.81,1603807970,8.05,MX
kirakira,kirakira,79.25,82,96,http://api.openweathermap.org/data/2.5/weather?units=Imperial&APPID=e4068837b9354a5b158691132cc2699e&q=kirakira,-10.45,161.92,1603807970,7.58,SB
san patricio,san patricio,59.0,93,90,http://api.openweathermap.org/data/2.5/weather?units=Imperial&APPID=e4068837b9354a5b158691132cc2699e&q=san patricio,28.02,-97.52,1603807970,14.99,US
kahului,kahului,80.6,74,40,http://api.openweathermap.org/data/2.5/weather?units=Imperial&APPID=e4068837b9354a5b158691132cc2699e&q=kahului,20.89,-156.47,1603807970,12.75,US
linhares,linhares,83.88,63,97,http://api.openweathermap.org/data/2.5/weather?units=Imperial&APPID=e4068837b9354a5b158691132cc2699e&q=linhares,-19.39,-40.07,1603807970,6.69,BR
beringovskiy,beringovskiy,29.07,92,63,http://api.openweathermap.org/data/2.5/weather?units=Imperial&APPID=e4068837b9354a5b158691132cc2699e&q=beringovskiy,63.05,179.32,1603807970,9.48,RU
thinadhoo,thinadhoo,83.73,68,42,http://api.openweathermap.org/data/2.5/weather?units=Imperial&APPID=e4068837b9354a5b158691132cc2699e&q=thinadhoo,0.53,72.93,1603807970,9.19,MV
trelleborg,trelleborg,52.0,81,75,http://api.openweathermap.org/data/2.5/weather?units=Imperial&APPID=e4068837b9354a5b158691132cc2699e&q=trelleborg,55.38,13.16,1603807970,17.22,SE
margate,margate,53.01,91,100,http://api.openweathermap.org/data/2.5/weather?units=Imperial&APPID=e4068837b9354a5b158691132cc2699e&q=margate,51.38,1.39,1603807970,8.01,GB
progreso,progreso,77.0,94,90,http://api.openweathermap.org/data/2.5/weather?units=Imperial&APPID=e4068837b9354a5b158691132cc2699e&q=progreso,21.28,-89.67,1603807970,16.11,MX
tarata,tarata,69.8,49,20,http://api.openweathermap.org/data/2.5/weather?units=Imperial&APPID=e4068837b9354a5b158691132cc2699e&q=tarata,-17.62,-66.02,1603807970,4.7,BO
jalu,jalu,87.15,23,100,http://api.openweathermap.org/data/2.5/weather?units=Imperial&APPID=e4068837b9354a5b158691132cc2699e&q=jalu,29.03,21.55,1603807971,6.98,LY
marshfield,marshfield,19.4,79,1,http://api.openweathermap.org/data/2.5/weather?units=Imperial&APPID=e4068837b9354a5b158691132cc2699e&q=marshfield,44.67,-90.17,1603807925,3.36,US
seddon,seddon,55.99,81,48,http://api.openweathermap.org/data/2.5/weather?units=Imperial&APPID=e4068837b9354a5b158691132cc2699e&q=seddon,-37.81,144.89,1603807971,4.7,AU
port alfred,port alfred,77.68,68,56,http://api.openweathermap.org/data/2.5/weather?units=Imperial&APPID=e4068837b9354a5b158691132cc2699e&q=port alfred,-33.59,26.89,1603807971,19.6,ZA
ilulissat,ilulissat,19.4,73,75,http://api.openweathermap.org/data/2.5/weather?units=Imperial&APPID=e4068837b9354a5b158691132cc2699e&q=ilulissat,69.22,-51.1,1603807971,3.36,GL
kafanchan,kafanchan,80.6,57,0,http://api.openweathermap.org/data/2.5/weather?units=Imperial&APPID=e4068837b9354a5b158691132cc2699e&q=kafanchan,9.58,8.3,1603807971,12.75,NG
ostrovnoy,ostrovnoy,41.45,93,100,http://api.openweathermap.org/data/2.5/weather?units=Imperial&APPID=e4068837b9354a5b158691132cc2699e&q=ostrovnoy,68.05,39.51,1603807971,13.82,RU
shache,shache,50.74,41,0,http://api.openweathermap.org/data/2.5/weather?units=Imperial&APPID=e4068837b9354a5b158691132cc2699e&q=shache,38.42,77.24,1603807971,8.95,CN
vysokogornyy,vysokogornyy,27.48,95,99,http://api.openweathermap.org/data/2.5/weather?units=Imperial&APPID=e4068837b9354a5b158691132cc2699e&q=vysokogornyy,50.12,139.15,1603807971,2.39,RU
grand gaube,grand gaube,75.99,69,10,http://api.openweathermap.org/data/2.5/weather?units=Imperial&APPID=e4068837b9354a5b158691132cc2699e&q=grand gaube,-20.01,57.66,1603807971,5.01,MU
nome,nome,28.4,79,90,http://api.openweathermap.org/data/2.5/weather?units=Imperial&APPID=e4068837b9354a5b158691132cc2699e&q=nome,64.5,-165.41,1603807972,5.57,US
kormilovka,kormilovka,33.8,100,75,http://api.openweathermap.org/data/2.5/weather?units=Imperial&APPID=e4068837b9354a5b158691132cc2699e&q=kormilovka,55.0,74.1,1603807937,4.47,RU
caconda,caconda,87.19,22,70,http://api.openweathermap.org/data/2.5/weather?units=Imperial&APPID=e4068837b9354a5b158691132cc2699e&q=caconda,-13.73,15.07,1603807972,4.68,AO
puerto baquerizo moreno,puerto baquerizo moreno,67.68,87,100,http://api.openweathermap.org/data/2.5/weather?units=Imperial&APPID=e4068837b9354a5b158691132cc2699e&q=puerto baquerizo moreno,-0.9,-89.6,1603807972,10.51,EC
ancud,ancud,55.0,87,0,http://api.openweathermap.org/data/2.5/weather?units=Imperial&APPID=e4068837b9354a5b158691132cc2699e&q=ancud,-41.87,-73.82,1603807972,11.41,CL
auki,auki,78.12,84,63,http://api.openweathermap.org/data/2.5/weather?units=Imperial&APPID=e4068837b9354a5b158691132cc2699e&q=auki,-8.77,160.7,1603807972,3.47,SB
vradiyivka,vradiyivka,65.89,57,0,http://api.openweathermap.org/data/2.5/weather?units=Imperial&APPID=e4068837b9354a5b158691132cc2699e&q=vradiyivka,47.86,30.59,1603807931,7.99,UA
kamenka,kamenka,43.0,67,53,http://api.openweathermap.org/data/2.5/weather?units=Imperial&APPID=e4068837b9354a5b158691132cc2699e&q=kamenka,51.32,42.77,1603807972,7.74,RU
cabo san lucas,cabo san lucas,75.0,68,20,http://api.openweathermap.org/data/2.5/weather?units=Imperial&APPID=e4068837b9354a5b158691132cc2699e&q=cabo san lucas,22.89,-109.91,1603807823,12.75,MX
clyde river,clyde river,9.05,83,45,http://api.openweathermap.org/data/2.5/weather?units=Imperial&APPID=e4068837b9354a5b158691132cc2699e&q=clyde river,70.47,-68.59,1603807972,3.96,CA
san cristobal,san cristobal,77.0,94,75,http://api.openweathermap.org/data/2.5/weather?units=Imperial&APPID=e4068837b9354a5b158691132cc2699e&q=san cristobal,7.77,-72.22,1603807831,3.36,VE
half moon bay,half moon bay,55.99,70,1,http://api.openweathermap.org/data/2.5/weather?units=Imperial&APPID=e4068837b9354a5b158691132cc2699e&q=half moon bay,37.46,-122.43,1603807973,3.36,US
nemuro,nemuro,49.77,66,47,http://api.openweathermap.org/data/2.5/weather?units=Imperial&APPID=e4068837b9354a5b158691132cc2699e&q=nemuro,43.32,145.57,1603807973,0.76,JP
sauda,sauda,53.6,62,75,http://api.openweathermap.org/data/2.5/weather?units=Imperial&APPID=e4068837b9354a5b158691132cc2699e&q=sauda,59.65,6.35,1603807973,10.29,NO
mahebourg,mahebourg,77.0,69,40,http://api.openweathermap.org/data/2.5/weather?units=Imperial&APPID=e4068837b9354a5b158691132cc2699e&q=mahebourg,-20.41,57.7,1603807973,9.17,MU
guaratinga,guaratinga,86.0,62,75,http://api.openweathermap.org/data/2.5/weather?units=Imperial&APPID=e4068837b9354a5b158691132cc2699e&q=guaratinga,-16.57,-39.57,1603807973,9.17,BR
plouzane,plouzane,57.2,82,75,http://api.openweathermap.org/data/2.5/weather?units=Imperial&APPID=e4068837b9354a5b158691132cc2699e&q=plouzane,48.38,-4.62,1603807973,13.87,FR
bambous virieux,bambous virieux,77.0,69,40,http://api.openweathermap.org/data/2.5/weather?units=Imperial&APPID=e4068837b9354a5b158691132cc2699e&q=bambous virieux,-20.34,57.76,1603807973,9.17,MU
isangel,isangel,74.61,80,61,http://api.openweathermap.org/data/2.5/weather?units=Imperial&APPID=e4068837b9354a5b158691132cc2699e&q=isangel,-19.55,169.27,1603807973,13.94,VU
aklavik,aklavik,8.6,92,90,http://api.openweathermap.org/data/2.5/weather?units=Imperial&APPID=e4068837b9354a5b158691132cc2699e&q=aklavik,68.22,-135.01,1603807973,5.82,CA
kushima,kushima,63.0,82,51,http://api.openweathermap.org/data/2.5/weather?units=Imperial&APPID=e4068837b9354a5b158691132cc2699e&q=kushima,31.46,131.23,1603807973,3.0,JP
alta floresta,alta floresta,87.8,66,75,http://api.openweathermap.org/data/2.5/weather?units=Imperial&APPID=e4068837b9354a5b158691132cc2699e&q=alta floresta,-9.88,-56.09,1603807882,5.82,BR
nouadhibou,nouadhibou,93.2,24,84,http://api.openweathermap.org/data/2.5/weather?units=Imperial&APPID=e4068837b9354a5b158691132cc2699e&q=nouadhibou,20.93,-17.03,1603807974,13.87,MR
segovia,segovia,59.0,51,20,http://api.openweathermap.org/data/2.5/weather?units=Imperial&APPID=e4068837b9354a5b158691132cc2699e&q=segovia,41.17,-4.0,1603807974,8.05,ES
victoria,victoria,77.0,75,96,http://api.openweathermap.org/data/2.5/weather?units=Imperial&APPID=e4068837b9354a5b158691132cc2699e&q=victoria,22.29,114.16,1603807974,1.99,HK
constitucion,constitucion,53.98,75,100,http://api.openweathermap.org/data/2.5/weather?units=Imperial&APPID=e4068837b9354a5b158691132cc2699e&q=constitucion,-35.33,-72.42,1603807974,1.9,CL
thoen,thoen,73.54,89,47,http://api.openweathermap.org/data/2.5/weather?units=Imperial&APPID=e4068837b9354a5b158691132cc2699e&q=thoen,17.61,99.22,1603807974,0.63,TH
ketchikan,ketchikan,48.2,100,75,http://api.openweathermap.org/data/2.5/weather?units=Imperial&APPID=e4068837b9354a5b158691132cc2699e&q=ketchikan,55.34,-131.65,1603807974,3.02,US
jieshi,jieshi,73.63,80,47,http://api.openweathermap.org/data/2.5/weather?units=Imperial&APPID=e4068837b9354a5b158691132cc2699e&q=jieshi,22.81,115.83,1603807974,20.62,CN
gat,gat,81.0,100,0,http://api.openweathermap.org/data/2.5/weather?units=Imperial&APPID=e4068837b9354a5b158691132cc2699e&q=gat,31.61,34.76,1603807744,1.99,IL
artemovsk,artemovsk,55.4,43,0,http://api.openweathermap.org/data/2.5/weather?units=Imperial&APPID=e4068837b9354a5b158691132cc2699e&q=artemovsk,49.84,36.04,1603807974,15.66,UA
zhezkazgan,zhezkazgan,32.76,86,99,http://api.openweathermap.org/data/2.5/weather?units=Imperial&APPID=e4068837b9354a5b158691132cc2699e&q=zhezkazgan,47.8,67.71,1603807974,21.56,KZ
medina,medina,93.2,6,0,http://api.openweathermap.org/data/2.5/weather?units=Imperial&APPID=e4068837b9354a5b158691132cc2699e&q=medina,24.47,39.61,1603807772,13.87,SA
costa rica,costa rica,76.93,56,30,http://api.openweathermap.org/data/2.5/weather?units=Imperial&APPID=e4068837b9354a5b158691132cc2699e&q=costa rica,-23.42,-54.65,1603807826,5.84,BR
akyab,akyab,81.77,81,80,http://api.openweathermap.org/data/2.5/weather?units=Imperial&APPID=e4068837b9354a5b158691132cc2699e&q=akyab,20.15,92.9,1603807974,8.81,MM
bethel,bethel,50.0,76,90,http://api.openweathermap.org/data/2.5/weather?units=Imperial&APPID=e4068837b9354a5b158691132cc2699e&q=bethel,41.37,-73.41,1603807829,9.19,US
taoudenni,taoudenni,100.02,9,84,http://api.openweathermap.org/data/2.5/weather?units=Imperial&APPID=e4068837b9354a5b158691132cc2699e&q=taoudenni,22.68,-3.98,1603807975,6.58,ML
okhotsk,okhotsk,29.62,83,6,http://api.openweathermap.org/data/2.5/weather?units=Imperial&APPID=e4068837b9354a5b158691132cc2699e&q=okhotsk,59.38,143.3,1603807975,8.68,RU
dzhebariki-khaya,dzhebariki-khaya,15.42,96,99,http://api.openweathermap.org/data/2.5/weather?units=Imperial&APPID=e4068837b9354a5b158691132cc2699e&q=dzhebariki-khaya,62.22,135.8,1603807929,1.99,RU
bonthe,bonthe,85.39,68,100,http://api.openweathermap.org/data/2.5/weather?units=Imperial&APPID=e4068837b9354a5b158691132cc2699e&q=bonthe,7.53,-12.51,1603807975,8.93,SL
rio grande,rio grande,57.99,97,100,http://api.openweathermap.org/data/2.5/weather?units=Imperial&APPID=e4068837b9354a5b158691132cc2699e&q=rio grande,-32.03,-52.1,1603807910,10.0,BR
sakakah,sakakah,93.2,6,0,http://api.openweathermap.org/data/2.5/weather?units=Imperial&APPID=e4068837b9354a5b158691132cc2699e&q=sakakah,29.97,40.21,1603807975,6.93,SA
carutapera,carutapera,88.2,56,36,http://api.openweathermap.org/data/2.5/weather?units=Imperial&APPID=e4068837b9354a5b158691132cc2699e&q=carutapera,-1.2,-46.02,1603807766,9.48,BR
mahon,mahon,66.2,48,20,http://api.openweathermap.org/data/2.5/weather?units=Imperial&APPID=e4068837b9354a5b158691132cc2699e&q=mahon,39.89,4.27,1603807975,10.29,ES
berdigestyakh,berdigestyakh,3.85,93,72,http://api.openweathermap.org/data/2.5/weather?units=Imperial&APPID=e4068837b9354a5b158691132cc2699e&q=berdigestyakh,62.1,126.7,1603807976,4.85,RU
olinda,olinda,86.0,66,40,http://api.openweathermap.org/data/2.5/weather?units=Imperial&APPID=e4068837b9354a5b158691132cc2699e&q=olinda,-8.01,-34.86,1603807771,12.75,BR
donghai,donghai,72.0,79,26,http://api.openweathermap.org/data/2.5/weather?units=Imperial&APPID=e4068837b9354a5b158691132cc2699e&q=donghai,22.95,115.64,1603807976,9.31,CN
zhigansk,zhigansk,-4.45,92,88,http://api.openweathermap.org/data/2.5/weather?units=Imperial&APPID=e4068837b9354a5b158691132cc2699e&q=zhigansk,66.77,123.37,1603807976,2.48,RU
marzuq,marzuq,78.26,15,95,http://api.openweathermap.org/data/2.5/weather?units=Imperial&APPID=e4068837b9354a5b158691132cc2699e&q=marzuq,14.4,46.47,1603807976,11.7,YE
vila franca do campo,vila franca do campo,68.0,77,75,http://api.openweathermap.org/data/2.5/weather?units=Imperial&APPID=e4068837b9354a5b158691132cc2699e&q=vila franca do campo,37.72,-25.43,1603807976,16.11,PT
mackay,mackay,77.0,88,40,http://api.openweathermap.org/data/2.5/weather?units=Imperial&APPID=e4068837b9354a5b158691132cc2699e&q=mackay,-21.15,149.2,1603807882,10.29,AU
boca raton,boca raton,87.01,79,20,http://api.openweathermap.org/data/2.5/weather?units=Imperial&APPID=e4068837b9354a5b158691132cc2699e&q=boca raton,26.36,-80.08,1603807954,11.41,US
grand junction,grand junction,14.0,78,1,http://api.openweathermap.org/data/2.5/weather?units=Imperial&APPID=e4068837b9354a5b158691132cc2699e&q=grand junction,39.06,-108.55,1603807976,9.17,US
gazanjyk,gazanjyk,65.1,33,0,http://api.openweathermap.org/data/2.5/weather?units=Imperial&APPID=e4068837b9354a5b158691132cc2699e&q=gazanjyk,39.24,55.52,1603807976,10.16,TM
susangerd,susangerd,91.4,14,0,http://api.openweathermap.org/data/2.5/weather?units=Imperial&APPID=e4068837b9354a5b158691132cc2699e&q=susangerd,31.56,48.18,1603807976,4.7,IR
nikolskoye,nikolskoye,53.6,76,75,http://api.openweathermap.org/data/2.5/weather?units=Imperial&APPID=e4068837b9354a5b158691132cc2699e&q=nikolskoye,59.7,30.79,1603807976,6.71,RU
longyearbyen,longyearbyen,30.2,80,75,http://api.openweathermap.org/data/2.5/weather?units=Imperial&APPID=e4068837b9354a5b158691132cc2699e&q=longyearbyen,78.22,15.64,1603807976,11.41,SJ
brokopondo,brokopondo,85.37,62,6,http://api.openweathermap.org/data/2.5/weather?units=Imperial&APPID=e4068837b9354a5b158691132cc2699e&q=brokopondo,4.75,-55.17,1603807976,4.43,SR
yulara,yulara,73.4,19,0,http://api.openweathermap.org/data/2.5/weather?units=Imperial&APPID=e4068837b9354a5b158691132cc2699e&q=yulara,-25.24,130.99,1603807976,6.93,AU
terney,terney,42.93,73,20,http://api.openweathermap.org/data/2.5/weather?units=Imperial&APPID=e4068837b9354a5b158691132cc2699e&q=terney,45.05,136.61,1603807977,4.7,RU
teguldet,teguldet,35.47,91,94,http://api.openweathermap.org/data/2.5/weather?units=Imperial&APPID=e4068837b9354a5b158691132cc2699e&q=teguldet,57.31,88.17,1603807977,5.41,RU
aykhal,aykhal,-7.6,83,75,http://api.openweathermap.org/data/2.5/weather?units=Imperial&APPID=e4068837b9354a5b158691132cc2699e&q=aykhal,66.0,111.5,1603807977,2.24,RU
santa cruz,santa cruz,78.8,61,20,http://api.openweathermap.org/data/2.5/weather?units=Imperial&APPID=e4068837b9354a5b158691132cc2699e&q=santa cruz,-17.8,-63.17,1603807953,3.36,BO
linjiang,linjiang,37.04,76,17,http://api.openweathermap.org/data/2.5/weather?units=Imperial&APPID=e4068837b9354a5b158691132cc2699e&q=linjiang,41.81,126.91,1603807977,1.74,CN
lugovoy,lugovoy,52.09,45,88,http://api.openweathermap.org/data/2.5/weather?units=Imperial&APPID=e4068837b9354a5b158691132cc2699e&q=lugovoy,42.95,72.76,1603807977,8.12,KZ
waitara,waitara,48.99,94,100,http://api.openweathermap.org/data/2.5/weather?units=Imperial&APPID=e4068837b9354a5b158691132cc2699e&q=waitara,-38.92,174.25,1603807778,11.99,NZ
karratha,karratha,71.4,85,44,http://api.openweathermap.org/data/2.5/weather?units=Imperial&APPID=e4068837b9354a5b158691132cc2699e&q=karratha,-20.74,116.85,1603807978,8.66,AU
juegang,juegang,66.0,1,57,http://api.openweathermap.org/data/2.5/weather?units=Imperial&APPID=e4068837b9354a5b158691132cc2699e&q=juegang,32.32,121.19,1603807978,1.01,CN
minab,minab,82.4,65,0,http://api.openweathermap.org/data/2.5/weather?units=Imperial&APPID=e4068837b9354a5b158691132cc2699e&q=minab,27.15,57.08,1603807978,13.87,IR
padang,padang,78.89,75,81,http://api.openweathermap.org/data/2.5/weather?units=Imperial&APPID=e4068837b9354a5b158691132cc2699e&q=padang,-0.95,100.35,1603807978,2.66,ID
antalaha,antalaha,77.72,72,3,http://api.openweathermap.org/data/2.5/weather?units=Imperial&APPID=e4068837b9354a5b158691132cc2699e&q=antalaha,-14.9,50.28,1603807978,9.15,MG
nalut,nalut,79.61,20,0,http://api.openweathermap.org/data/2.5/weather?units=Imperial&APPID=e4068837b9354a5b158691132cc2699e&q=nalut,30.33,10.85,1603807978,14.07,LY
boden,boden,46.4,100,90,http://api.openweathermap.org/data/2.5/weather?units=Imperial&APPID=e4068837b9354a5b158691132cc2699e&q=boden,65.83,21.69,1603807978,16.11,SE
northam,northam,55.99,84,99,http://api.openweathermap.org/data/2.5/weather?units=Imperial&APPID=e4068837b9354a5b158691132cc2699e&q=northam,51.03,-4.22,1603807978,14.0,GB
labuhan,labuhan,81.16,76,100,http://api.openweathermap.org/data/2.5/weather?units=Imperial&APPID=e4068837b9354a5b158691132cc2699e&q=labuhan,-6.88,112.21,1603807979,4.27,ID
riyadh,riyadh,87.8,20,0,http://api.openweathermap.org/data/2.5/weather?units=Imperial&APPID=e4068837b9354a5b158691132cc2699e&q=riyadh,24.69,46.72,1603807916,3.36,SA
batagay,batagay,6.42,94,100,http://api.openweathermap.org/data/2.5/weather?units=Imperial&APPID=e4068837b9354a5b158691132cc2699e&q=batagay,67.63,134.63,1603807929,1.97,RU
wageningen,wageningen,53.01,81,90,http://api.openweathermap.org/data/2.5/weather?units=Imperial&APPID=e4068837b9354a5b158691132cc2699e&q=wageningen,51.97,5.67,1603807979,16.11,NL
qasigiannguit,qasigiannguit,19.4,73,75,http://api.openweathermap.org/data/2.5/weather?units=Imperial&APPID=e4068837b9354a5b158691132cc2699e&q=qasigiannguit,68.82,-51.19,1603807979,3.36,GL
lompoc,lompoc,44.6,87,1,http://api.openweathermap.org/data/2.5/weather?units=Imperial&APPID=e4068837b9354a5b158691132cc2699e&q=lompoc,34.64,-120.46,1603807802,6.93,US
guarapari,guarapari,79.0,79,91,http://api.openweathermap.org/data/2.5/weather?units=Imperial&APPID=e4068837b9354a5b158691132cc2699e&q=guarapari,-20.67,-40.5,1603807979,8.01,BR
evensk,evensk,24.98,82,0,http://api.openweathermap.org/data/2.5/weather?units=Imperial&APPID=e4068837b9354a5b158691132cc2699e&q=evensk,61.95,159.23,1603807930,14.81,RU
westport,westport,54.0,71,90,http://api.openweathermap.org/data/2.5/weather?units=Imperial&APPID=e4068837b9354a5b158691132cc2699e&q=westport,41.14,-73.36,1603807979,8.05,US
east london,east london,71.6,88,75,http://api.openweathermap.org/data/2.5/weather?units=Imperial&APPID=e4068837b9354a5b158691132cc2699e&q=east london,-33.02,27.91,1603807980,9.17,ZA
tarauaca,tarauaca,91.18,49,100,http://api.openweathermap.org/data/2.5/weather?units=Imperial&APPID=e4068837b9354a5b158691132cc2699e&q=tarauaca,-8.16,-70.77,1603807938,4.05,BR
camacari,camacari,77.0,88,90,http://api.openweathermap.org/data/2.5/weather?units=Imperial&APPID=e4068837b9354a5b158691132cc2699e&q=camacari,-12.7,-38.32,1603807943,9.17,BR
rawson,rawson,61.75,30,100,http://api.openweathermap.org/data/2.5/weather?units=Imperial&APPID=e4068837b9354a5b158691132cc2699e&q=rawson,-43.3,-65.1,1603807980,13.96,AR
prabumulih,prabumulih,74.95,94,86,http://api.openweathermap.org/data/2.5/weather?units=Imperial&APPID=e4068837b9354a5b158691132cc2699e&q=prabumulih,-3.45,104.25,1603807980,3.18,ID
hokitika,hokitika,48.54,79,100,http://api.openweathermap.org/data/2.5/weather?units=Imperial&APPID=e4068837b9354a5b158691132cc2699e&q=hokitika,-42.72,170.97,1603807980,4.59,NZ
plainview,plainview,55.4,71,90,http://api.openweathermap.org/data/2.5/weather?units=Imperial&APPID=e4068837b9354a5b158691132cc2699e&q=plainview,40.78,-73.47,1603807829,11.41,US
comodoro rivadavia,comodoro rivadavia,55.4,35,40,http://api.openweathermap.org/data/2.5/weather?units=Imperial&APPID=e4068837b9354a5b158691132cc2699e&q=comodoro rivadavia,-45.87,-67.5,1603807776,31.09,AR
meulaboh,meulaboh,79.03,83,100,http://api.openweathermap.org/data/2.5/weather?units=Imperial&APPID=e4068837b9354a5b158691132cc2699e&q=meulaboh,4.14,96.13,1603807980,4.68,ID
homer,homer,41.0,75,1,http://api.openweathermap.org/data/2.5/weather?units=Imperial&APPID=e4068837b9354a5b158691132cc2699e&q=homer,59.64,-151.55,1603807980,4.7,US
qurayyat,qurayyat,89.6,5,0,http://api.openweathermap.org/data/2.5/weather?units=Imperial&APPID=e4068837b9354a5b158691132cc2699e&q=qurayyat,31.33,37.34,1603807981,11.41,SA
yumen,yumen,40.03,57,100,http://api.openweathermap.org/data/2.5/weather?units=Imperial&APPID=e4068837b9354a5b158691132cc2699e&q=yumen,40.28,97.2,1603807981,5.28,CN
nishihara,nishihara,75.2,53,20,http://api.openweathermap.org/data/2.5/weather?units=Imperial&APPID=e4068837b9354a5b158691132cc2699e&q=nishihara,26.18,127.76,1603807981,5.82,JP
chumikan,chumikan,37.89,77,100,http://api.openweathermap.org/data/2.5/weather?units=Imperial&APPID=e4068837b9354a5b158691132cc2699e&q=chumikan,54.72,135.31,1603807981,13.2,RU
amsterdam,amsterdam,52.0,87,75,http://api.openweathermap.org/data/2.5/weather?units=Imperial&APPID=e4068837b9354a5b158691132cc2699e&q=amsterdam,52.37,4.89,1603807922,18.34,NL
porosozero,porosozero,47.53,89,100,http://api.openweathermap.org/data/2.5/weather?units=Imperial&APPID=e4068837b9354a5b158691132cc2699e&q=porosozero,62.72,32.73,1603807981,11.86,RU
port hawkesbury,port hawkesbury,50.0,93,90,http://api.openweathermap.org/data/2.5/weather?units=Imperial&APPID=e4068837b9354a5b158691132cc2699e&q=port hawkesbury,45.62,-61.35,1603807900,11.41,CA
harrisonburg,harrisonburg,59.0,100,90,http://api.openweathermap.org/data/2.5/weather?units=Imperial&APPID=e4068837b9354a5b158691132cc2699e&q=harrisonburg,38.45,-78.87,1603807981,4.7,US
hualmay,hualmay,67.26,72,74,http://api.openweathermap.org/data/2.5/weather?units=Imperial&APPID=e4068837b9354a5b158691132cc2699e&q=hualmay,-11.1,-77.61,1603807981,7.58,PE
aitape,aitape,78.69,80,100,http://api.openweathermap.org/data/2.5/weather?units=Imperial&APPID=e4068837b9354a5b158691132cc2699e&q=aitape,-3.14,142.35,1603807981,1.99,PG
wuwei,wuwei,41.0,90,100,http://api.openweathermap.org/data/2.5/weather?units=Imperial&APPID=e4068837b9354a5b158691132cc2699e&q=wuwei,37.93,102.64,1603807982,4.14,CN
tari,tari,96.46,11,0,http://api.openweathermap.org/data/2.5/weather?units=Imperial&APPID=e4068837b9354a5b158691132cc2699e&q=tari,12.41,4.49,1603807982,6.08,NG
khislavichi,khislavichi,49.89,78,18,http://api.openweathermap.org/data/2.5/weather?units=Imperial&APPID=e4068837b9354a5b158691132cc2699e&q=khislavichi,54.19,32.16,1603807982,10.87,RU
salym,salym,22.35,95,100,http://api.openweathermap.org/data/2.5/weather?units=Imperial&APPID=e4068837b9354a5b158691132cc2699e&q=salym,60.06,71.48,1603807982,14.67,RU
zabaykalsk,zabaykalsk,24.89,83,0,http://api.openweathermap.org/data/2.5/weather?units=Imperial&APPID=e4068837b9354a5b158691132cc2699e&q=zabaykalsk,49.63,117.32,1603807982,13.58,RU
biu,biu,90.36,19,0,http://api.openweathermap.org/data/2.5/weather?units=Imperial&APPID=e4068837b9354a5b158691132cc2699e&q=biu,10.61,12.19,1603807982,7.27,NG
axim,axim,81.57,82,100,http://api.openweathermap.org/data/2.5/weather?units=Imperial&APPID=e4068837b9354a5b158691132cc2699e&q=axim,4.87,-2.24,1603807982,11.59,GH
phuntsholing,phuntsholing,70.56,67,6,http://api.openweathermap.org/data/2.5/weather?units=Imperial&APPID=e4068837b9354a5b158691132cc2699e&q=phuntsholing,26.85,89.39,1603807982,5.75,BT
haines junction,haines junction,30.54,95,100,http://api.openweathermap.org/data/2.5/weather?units=Imperial&APPID=e4068837b9354a5b158691132cc2699e&q=haines junction,60.75,-137.51,1603807982,2.75,CA
aginskoye,aginskoye,22.77,85,0,http://api.openweathermap.org/data/2.5/weather?units=Imperial&APPID=e4068837b9354a5b158691132cc2699e&q=aginskoye,51.1,114.53,1603807926,7.11,RU
kargat,kargat,38.35,87,4,http://api.openweathermap.org/data/2.5/weather?units=Imperial&APPID=e4068837b9354a5b158691132cc2699e&q=kargat,55.2,80.28,1603807983,2.08,RU
ahuimanu,ahuimanu,77.0,83,1,http://api.openweathermap.org/data/2.5/weather?units=Imperial&APPID=e4068837b9354a5b158691132cc2699e&q=ahuimanu,21.44,-157.84,1603807983,2.64,US
tazmalt,tazmalt,71.6,37,40,http://api.openweathermap.org/data/2.5/weather?units=Imperial&APPID=e4068837b9354a5b158691132cc2699e&q=tazmalt,36.39,4.4,1603807983,6.93,DZ
nantucket,nantucket,55.4,93,90,http://api.openweathermap.org/data/2.5/weather?units=Imperial&APPID=e4068837b9354a5b158691132cc2699e&q=nantucket,41.28,-70.1,1603807851,19.46,US
delhi,delhi,78.8,44,0,http://api.openweathermap.org/data/2.5/weather?units=Imperial&APPID=e4068837b9354a5b158691132cc2699e&q=delhi,28.67,77.22,1603807760,4.63,IN
tambopata,tambopata,72.93,95,100,http://api.openweathermap.org/data/2.5/weather?units=Imperial&APPID=e4068837b9354a5b158691132cc2699e&q=tambopata,-12.73,-69.18,1603807983,3.47,PE
simao,simao,63.72,82,0,http://api.openweathermap.org/data/2.5/weather?units=Imperial&APPID=e4068837b9354a5b158691132cc2699e&q=simao,22.79,100.97,1603807983,2.19,CN
nuuk,nuuk,26.6,68,20,http://api.openweathermap.org/data/2.5/weather?units=Imperial&APPID=e4068837b9354a5b158691132cc2699e&q=nuuk,64.18,-51.72,1603807983,5.82,GL
saint-francois,saint-francois,55.99,66,90,http://api.openweathermap.org/data/2.5/weather?units=Imperial&APPID=e4068837b9354a5b158691132cc2699e&q=saint-francois,46.42,3.91,1603807983,8.05,FR
yazman,yazman,80.53,15,0,http://api.openweathermap.org/data/2.5/weather?units=Imperial&APPID=e4068837b9354a5b158691132cc2699e&q=yazman,29.12,71.74,1603807983,7.16,PK
lagoa da canoa,lagoa da canoa,81.45,61,100,http://api.openweathermap.org/data/2.5/weather?units=Imperial&APPID=e4068837b9354a5b158691132cc2699e&q=lagoa da canoa,-9.83,-36.74,1603807983,2.08,BR
annecy-le-vieux,annecy-le-vieux,53.6,58,0,http://api.openweathermap.org/data/2.5/weather?units=Imperial&APPID=e4068837b9354a5b158691132cc2699e&q=annecy-le-vieux,45.92,6.14,1603807983,4.7,FR
normandin,normandin,24.8,79,75,http://api.openweathermap.org/data/2.5/weather?units=Imperial&APPID=e4068837b9354a5b158691132cc2699e&q=normandin,48.83,-72.53,1603807984,9.17,CA
kendari,kendari,78.35,79,96,http://api.openweathermap.org/data/2.5/weather?units=Imperial&APPID=e4068837b9354a5b158691132cc2699e&q=kendari,-3.94,122.5,1603807975,2.64,ID
voh,voh,71.56,85,26,http://api.openweathermap.org/data/2.5/weather?units=Imperial&APPID=e4068837b9354a5b158691132cc2699e&q=voh,-20.97,164.7,1603807984,4.45,NC
portland,portland,35.01,74,1,http://api.openweathermap.org/data/2.5/weather?units=Imperial&APPID=e4068837b9354a5b158691132cc2699e&q=portland,45.52,-122.68,1603807817,1.03,US
ciudad bolivar,ciudad bolivar,84.43,66,100,http://api.openweathermap.org/data/2.5/weather?units=Imperial&APPID=e4068837b9354a5b158691132cc2699e&q=ciudad bolivar,8.12,-63.55,1603807984,11.01,VE
andenes,andenes,41.0,80,0,http://api.openweathermap.org/data/2.5/weather?units=Imperial&APPID=e4068837b9354a5b158691132cc2699e&q=andenes,69.31,16.12,1603807984,10.29,NO
miracema do tocantins,miracema do tocantins,79.93,74,96,http://api.openweathermap.org/data/2.5/weather?units=Imperial&APPID=e4068837b9354a5b158691132cc2699e&q=miracema do tocantins,-9.56,-48.4,1603807984,2.75,BR
kikwit,kikwit,85.44,64,85,http://api.openweathermap.org/data/2.5/weather?units=Imperial&APPID=e4068837b9354a5b158691132cc2699e&q=kikwit,-5.04,18.82,1603807984,3.56,CD
bokoro,bokoro,99.09,11,0,http://api.openweathermap.org/data/2.5/weather?units=Imperial&APPID=e4068837b9354a5b158691132cc2699e&q=bokoro,12.38,17.06,1603807984,8.97,TD
hervey bay,hervey bay,68.0,100,83,http://api.openweathermap.org/data/2.5/weather?units=Imperial&APPID=e4068837b9354a5b158691132cc2699e&q=hervey bay,-25.3,152.85,1603807984,6.93,AU
varangaon,varangaon,77.65,43,0,http://api.openweathermap.org/data/2.5/weather?units=Imperial&APPID=e4068837b9354a5b158691132cc2699e&q=varangaon,21.02,75.9,1603807984,4.52,IN
catamarca,catamarca,84.99,34,0,http://api.openweathermap.org/data/2.5/weather?units=Imperial&APPID=e4068837b9354a5b158691132cc2699e&q=catamarca,-28.47,-65.79,1603807984,4.0,AR
kalmunai,kalmunai,80.64,77,26,http://api.openweathermap.org/data/2.5/weather?units=Imperial&APPID=e4068837b9354a5b158691132cc2699e&q=kalmunai,7.42,81.82,1603807985,2.13,LK
mindif,mindif,95.63,15,2,http://api.openweathermap.org/data/2.5/weather?units=Imperial&APPID=e4068837b9354a5b158691132cc2699e&q=mindif,10.4,14.44,1603807985,7.85,CM
venado,venado,59.04,74,41,http://api.openweathermap.org/data/2.5/weather?units=Imperial&APPID=e4068837b9354a5b158691132cc2699e&q=venado,22.93,-101.08,1603807985,2.82,MX
gualeguaychu,gualeguaychu,64.99,41,0,http://api.openweathermap.org/data/2.5/weather?units=Imperial&APPID=e4068837b9354a5b158691132cc2699e&q=gualeguaychu,-33.01,-58.52,1603807985,5.01,AR
vao,vao,72.55,79,65,http://api.openweathermap.org/data/2.5/weather?units=Imperial&APPID=e4068837b9354a5b158691132cc2699e&q=vao,-22.67,167.48,1603807986,18.34,NC
viet tri,viet tri,78.8,74,0,http://api.openweathermap.org/data/2.5/weather?units=Imperial&APPID=e4068837b9354a5b158691132cc2699e&q=viet tri,21.3,105.43,1603807986,4.7,VN
alice springs,alice springs,66.2,22,0,http://api.openweathermap.org/data/2.5/weather?units=Imperial&APPID=e4068837b9354a5b158691132cc2699e&q=alice springs,-23.7,133.88,1603807986,5.82,AU
ahipara,ahipara,58.06,92,58,http://api.openweathermap.org/data/2.5/weather?units=Imperial&APPID=e4068837b9354a5b158691132cc2699e&q=ahipara,-35.17,173.17,1603807986,2.64,NZ
scottsbluff,scottsbluff,12.99,91,1,http://api.openweathermap.org/data/2.5/weather?units=Imperial&APPID=e4068837b9354a5b158691132cc2699e&q=scottsbluff,41.87,-103.67,1603807986,5.82,US
angoche,angoche,81.48,70,0,http://api.openweathermap.org/data/2.5/weather?units=Imperial&APPID=e4068837b9354a5b158691132cc2699e&q=angoche,-16.23,39.91,1603807986,13.4,MZ
senador pompeu,senador pompeu,91.38,42,80,http://api.openweathermap.org/data/2.5/weather?units=Imperial&APPID=e4068837b9354a5b158691132cc2699e&q=senador pompeu,-5.59,-39.37,1603807986,5.55,BR
vardo,vardo,35.6,93,75,http://api.openweathermap.org/data/2.5/weather?units=Imperial&APPID=e4068837b9354a5b158691132cc2699e&q=vardo,70.37,31.11,1603807986,27.51,NO
kibala,kibala,95.0,34,20,http://api.openweathermap.org/data/2.5/weather?units=Imperial&APPID=e4068837b9354a5b158691132cc2699e&q=kibala,9.11,18.35,1603807986,4.7,TD
jining,jining,63.0,1,100,http://api.openweathermap.org/data/2.5/weather?units=Imperial&APPID=e4068837b9354a5b158691132cc2699e&q=jining,35.41,116.58,1603807986,7.56,CN
mkushi,mkushi,87.62,21,95,http://api.openweathermap.org/data/2.5/weather?units=Imperial&APPID=e4068837b9354a5b158691132cc2699e&q=mkushi,-13.62,29.39,1603807987,9.26,ZM
kamen-rybolov,kamen-rybolov,45.05,59,97,http://api.openweathermap.org/data/2.5/weather?units=Imperial&APPID=e4068837b9354a5b158691132cc2699e&q=kamen-rybolov,44.75,132.04,1603807987,7.92,RU
khor,khor,40.51,83,90,http://api.openweathermap.org/data/2.5/weather?units=Imperial&APPID=e4068837b9354a5b158691132cc2699e&q=khor,47.89,134.95,1603807929,3.71,RU
worthington,worthington,46.99,93,90,http://api.openweathermap.org/data/2.5/weather?units=Imperial&APPID=e4068837b9354a5b158691132cc2699e&q=worthington,40.09,-83.02,1603807801,5.82,US
saint-pierre,saint-pierre,78.8,61,0,http://api.openweathermap.org/data/2.5/weather?units=Imperial&APPID=e4068837b9354a5b158691132cc2699e&q=saint-pierre,-21.34,55.48,1603807987,6.93,RE
sao teotonio,sao teotonio,64.0,65,26,http://api.openweathermap.org/data/2.5/weather?units=Imperial&APPID=e4068837b9354a5b158691132cc2699e&q=sao teotonio,37.51,-8.71,1603807987,7.0,PT
moron,moron,71.01,39,0,http://api.openweathermap.org/data/2.5/weather?units=Imperial&APPID=e4068837b9354a5b158691132cc2699e&q=moron,-34.65,-58.62,1603807987,8.05,AR
provideniya,provideniya,29.59,96,79,http://api.openweathermap.org/data/2.5/weather?units=Imperial&APPID=e4068837b9354a5b158691132cc2699e&q=provideniya,64.38,-173.3,1603807987,4.21,RU
ballina,ballina,68.0,88,90,http://api.openweathermap.org/data/2.5/weather?units=Imperial&APPID=e4068837b9354a5b158691132cc2699e&q=ballina,-28.87,153.57,1603807987,3.36,AU
santa rosa,santa rosa,82.4,78,75,http://api.openweathermap.org/data/2.5/weather?units=Imperial&APPID=e4068837b9354a5b158691132cc2699e&q=santa rosa,14.31,121.11,1603807988,5.82,PH
sabang,sabang,82.99,77,43,http://api.openweathermap.org/data/2.5/weather?units=Imperial&APPID=e4068837b9354a5b158691132cc2699e&q=sabang,5.89,95.32,1603807988,19.28,ID
ubinskoye,ubinskoye,37.65,85,0,http://api.openweathermap.org/data/2.5/weather?units=Imperial&APPID=e4068837b9354a5b158691132cc2699e&q=ubinskoye,55.31,79.68,1603807988,0.6,RU
gurupi,gurupi,84.99,63,87,http://api.openweathermap.org/data/2.5/weather?units=Imperial&APPID=e4068837b9354a5b158691132cc2699e&q=gurupi,-11.73,-49.07,1603807988,9.31,BR
turayf,turayf,89.6,11,0,http://api.openweathermap.org/data/2.5/weather?units=Imperial&APPID=e4068837b9354a5b158691132cc2699e&q=turayf,31.67,38.66,1603807988,16.11,SA
hearst,hearst,26.53,93,94,http://api.openweathermap.org/data/2.5/weather?units=Imperial&APPID=e4068837b9354a5b158691132cc2699e&q=hearst,49.68,-83.67,1603807988,10.2,CA
fairbanks,fairbanks,26.6,86,90,http://api.openweathermap.org/data/2.5/weather?units=Imperial&APPID=e4068837b9354a5b158691132cc2699e&q=fairbanks,64.84,-147.72,1603807980,1.86,US
coquimbo,coquimbo,55.4,76,90,http://api.openweathermap.org/data/2.5/weather?units=Imperial&APPID=e4068837b9354a5b158691132cc2699e&q=coquimbo,-29.95,-71.34,1603807901,5.82,CL
richards bay,richards bay,81.5,61,5,http://api.openweathermap.org/data/2.5/weather?units=Imperial&APPID=e4068837b9354a5b158691132cc2699e&q=richards bay,-28.78,32.04,1603807988,15.19,ZA
erzin,erzin,87.01,38,13,http://api.openweathermap.org/data/2.5/weather?units=Imperial&APPID=e4068837b9354a5b158691132cc2699e&q=erzin,36.96,36.2,1603807989,1.01,TR
fort saint james,fort saint james,40.44,89,100,http://api.openweathermap.org/data/2.5/weather?units=Imperial&APPID=e4068837b9354a5b158691132cc2699e&q=fort saint james,54.43,-124.25,1603807989,3.76,CA
wadi musa,wadi musa,77.16,31,0,http://api.openweathermap.org/data/2.5/weather?units=Imperial&APPID=e4068837b9354a5b158691132cc2699e&q=wadi musa,30.32,35.48,1603807989,5.12,JO
hukuntsi,hukuntsi,93.92,13,76,http://api.openweathermap.org/data/2.5/weather?units=Imperial&APPID=e4068837b9354a5b158691132cc2699e&q=hukuntsi,-24.0,21.75,1603807989,9.19,BW
smithers,smithers,35.6,100,75,http://api.openweathermap.org/data/2.5/weather?units=Imperial&APPID=e4068837b9354a5b158691132cc2699e&q=smithers,54.78,-127.17,1603807939,3.36,CA
joshimath,joshimath,50.14,44,0,http://api.openweathermap.org/data/2.5/weather?units=Imperial&APPID=e4068837b9354a5b158691132cc2699e&q=joshimath,30.57,79.57,1603807989,3.89,IN
iranshahr,iranshahr,87.8,6,0,http://api.openweathermap.org/data/2.5/weather?units=Imperial&APPID=e4068837b9354a5b158691132cc2699e&q=iranshahr,27.2,60.68,1603807989,9.17,IR
vrangel,vrangel,52.39,84,11,http://api.openweathermap.org/data/2.5/weather?units=Imperial&APPID=e4068837b9354a5b158691132cc2699e&q=vrangel,42.73,133.08,1603807989,0.34,RU
hnaberd,hnaberd,66.2,16,0,http://api.openweathermap.org/data/2.5/weather?units=Imperial&APPID=e4068837b9354a5b158691132cc2699e&q=hnaberd,40.64,44.14,1603807989,1.12,AM
roma,roma,41.0,80,90,http://api.openweathermap.org/data/2.5/weather?units=Imperial&APPID=e4068837b9354a5b158691132cc2699e&q=roma,43.21,-75.46,1603807730,0.74,US
ponoka,ponoka,46.0,56,20,http://api.openweathermap.org/data/2.5/weather?units=Imperial&APPID=e4068837b9354a5b158691132cc2699e&q=ponoka,52.68,-113.58,1603807989,10.29,CA
kamaishi,kamaishi,51.31,72,85,http://api.openweathermap.org/data/2.5/weather?units=Imperial&APPID=e4068837b9354a5b158691132cc2699e&q=kamaishi,39.27,141.88,1603807989,3.33,JP
haifa,haifa,84.2,58,0,http://api.openweathermap.org/data/2.5/weather?units=Imperial&APPID=e4068837b9354a5b158691132cc2699e&q=haifa,32.82,34.99,1603807989,10.29,IL
mbuji-mayi,mbuji-mayi,85.48,59,97,http://api.openweathermap.org/data/2.5/weather?units=Imperial&APPID=e4068837b9354a5b158691132cc2699e&q=mbuji-mayi,-6.15,23.6,1603807990,2.55,CD
bundaberg,bundaberg,68.0,100,24,http://api.openweathermap.org/data/2.5/weather?units=Imperial&APPID=e4068837b9354a5b158691132cc2699e&q=bundaberg,-24.85,152.35,1603807990,6.93,AU
sechura,sechura,68.32,75,100,http://api.openweathermap.org/data/2.5/weather?units=Imperial&APPID=e4068837b9354a5b158691132cc2699e&q=sechura,-5.56,-80.82,1603807990,8.46,PE
krasnovishersk,krasnovishersk,24.01,96,99,http://api.openweathermap.org/data/2.5/weather?units=Imperial&APPID=e4068837b9354a5b158691132cc2699e&q=krasnovishersk,60.41,57.08,1603807990,3.0,RU
buchanan,buchanan,91.4,59,75,http://api.openweathermap.org/data/2.5/weather?units=Imperial&APPID=e4068837b9354a5b158691132cc2699e&q=buchanan,5.88,-10.05,1603807990,4.7,LR
pombas,pombas,82.4,69,75,http://api.openweathermap.org/data/2.5/weather?units=Imperial&APPID=e4068837b9354a5b158691132cc2699e&q=pombas,17.15,-25.02,1603807990,28.86,CV
akhmeta,akhmeta,68.0,56,0,http://api.openweathermap.org/data/2.5/weather?units=Imperial&APPID=e4068837b9354a5b158691132cc2699e&q=akhmeta,42.03,45.21,1603807990,5.82,GE
bemidji,bemidji,18.0,78,1,http://api.openweathermap.org/data/2.5/weather?units=Imperial&APPID=e4068837b9354a5b158691132cc2699e&q=bemidji,47.47,-94.88,1603807990,9.17,US
abha,abha,77.0,10,20,http://api.openweathermap.org/data/2.5/weather?units=Imperial&APPID=e4068837b9354a5b158691132cc2699e&q=abha,18.22,42.51,1603807991,11.41,SA
maridi,maridi,79.54,76,100,http://api.openweathermap.org/data/2.5/weather?units=Imperial&APPID=e4068837b9354a5b158691132cc2699e&q=maridi,4.92,29.47,1603807991,2.62,SS
zarubino,zarubino,50.92,47,85,http://api.openweathermap.org/data/2.5/weather?units=Imperial&APPID=e4068837b9354a5b158691132cc2699e&q=zarubino,42.63,131.09,1603807991,17.6,RU
tura,tura,70.65,94,0,http://api.openweathermap.org/data/2.5/weather?units=Imperial&APPID=e4068837b9354a5b158691132cc2699e&q=tura,25.52,90.22,1603807991,3.09,IN
piopio,piopio,60.01,89,100,http://api.openweathermap.org/data/2.5/weather?units=Imperial&APPID=e4068837b9354a5b158691132cc2699e&q=piopio,-38.47,175.02,1603807887,1.99,NZ
berlevag,berlevag,33.8,80,0,http://api.openweathermap.org/data/2.5/weather?units=Imperial&APPID=e4068837b9354a5b158691132cc2699e&q=berlevag,70.86,29.09,1603807991,14.99,NO
samtredia,samtredia,80.6,30,0,http://api.openweathermap.org/data/2.5/weather?units=Imperial&APPID=e4068837b9354a5b158691132cc2699e&q=samtredia,42.15,42.34,1603807991,3.36,GE
chapais,chapais,17.6,85,1,http://api.openweathermap.org/data/2.5/weather?units=Imperial&APPID=e4068837b9354a5b158691132cc2699e&q=chapais,49.78,-74.85,1603807992,4.7,CA
joensuu,joensuu,51.01,100,90,http://api.openweathermap.org/data/2.5/weather?units=Imperial&APPID=e4068837b9354a5b158691132cc2699e&q=joensuu,62.6,29.76,1603807992,12.75,FI
tautira,tautira,77.0,83,40,http://api.openweathermap.org/data/2.5/weather?units=Imperial&APPID=e4068837b9354a5b158691132cc2699e&q=tautira,-17.73,-149.15,1603807992,13.87,PF
nanortalik,nanortalik,31.77,89,99,http://api.openweathermap.org/data/2.5/weather?units=Imperial&APPID=e4068837b9354a5b158691132cc2699e&q=nanortalik,60.14,-45.24,1603807992,8.99,GL
egvekinot,egvekinot,17.65,94,69,http://api.openweathermap.org/data/2.5/weather?units=Imperial&APPID=e4068837b9354a5b158691132cc2699e&q=egvekinot,66.32,-179.17,1603807992,10.67,RU
lasa,lasa,54.0,64,75,http://api.openweathermap.org/data/2.5/weather?units=Imperial&APPID=e4068837b9354a5b158691132cc2699e&q=lasa,46.62,10.7,1603807992,4.7,IT
avera,avera,66.2,77,90,http://api.openweathermap.org/data/2.5/weather?units=Imperial&APPID=e4068837b9354a5b158691132cc2699e&q=avera,33.19,-82.53,1603807992,3.36,US
saint-joseph,saint-joseph,78.8,61,0,http://api.openweathermap.org/data/2.5/weather?units=Imperial&APPID=e4068837b9354a5b158691132cc2699e&q=saint-joseph,-21.37,55.62,1603807992,6.93,RE
taltal,taltal,62.44,62,49,http://api.openweathermap.org/data/2.5/weather?units=Imperial&APPID=e4068837b9354a5b158691132cc2699e&q=taltal,-25.4,-70.48,1603807992,3.98,CL
xuanzhou,xuanzhou,61.02,85,57,http://api.openweathermap.org/data/2.5/weather?units=Imperial&APPID=e4068837b9354a5b158691132cc2699e&q=xuanzhou,30.95,118.76,1603807993,7.05,CN
yunyang,yunyang,60.57,31,100,http://api.openweathermap.org/data/2.5/weather?units=Imperial&APPID=e4068837b9354a5b158691132cc2699e&q=yunyang,33.45,112.71,1603807993,11.79,CN
walvis bay,walvis bay,69.8,56,0,http://api.openweathermap.org/data/2.5/weather?units=Imperial&APPID=e4068837b9354a5b158691132cc2699e&q=walvis bay,-22.96,14.51,1603807993,10.29,
swan hill,swan hill,51.39,75,0,http://api.openweathermap.org/data/2.5/weather?units=Imperial&APPID=e4068837b9354a5b158691132cc2699e&q=swan hill,-35.34,143.55,1603807993,6.42,AU
maykor,maykor,27.64,92,93,http://api.openweathermap.org/data/2.5/weather?units=Imperial&APPID=e4068837b9354a5b158691132cc2699e&q=maykor,59.01,55.88,1603807993,3.15,RU
lorengau,lorengau,80.71,75,59,http://api.openweathermap.org/data/2.5/weather?units=Imperial&APPID=e4068837b9354a5b158691132cc2699e&q=lorengau,-2.02,147.27,1603807993,1.01,PG
kinablangan,kinablangan,78.96,83,85,http://api.openweathermap.org/data/2.5/weather?units=Imperial&APPID=e4068837b9354a5b158691132cc2699e&q=kinablangan,7.69,126.55,1603807993,4.36,PH
kenai,kenai,30.2,92,1,http://api.openweathermap.org/data/2.5/weather?units=Imperial&APPID=e4068837b9354a5b158691132cc2699e&q=kenai,60.55,-151.26,1603807993,1.28,US
shelburne,shelburne,37.99,93,90,http://api.openweathermap.org/data/2.5/weather?units=Imperial&APPID=e4068837b9354a5b158691132cc2699e&q=shelburne,44.08,-80.2,1603807994,2.39,CA
kamyshin,kamyshin,41.13,63,18,http://api.openweathermap.org/data/2.5/weather?units=Imperial&APPID=e4068837b9354a5b158691132cc2699e&q=kamyshin,50.1,45.42,1603807994,8.97,RU
morococha,morococha,46.27,56,22,http://api.openweathermap.org/data/2.5/weather?units=Imperial&APPID=e4068837b9354a5b158691132cc2699e&q=morococha,-11.6,-76.14,1603807994,2.8,PE
bathsheba,bathsheba,84.2,74,40,http://api.openweathermap.org/data/2.5/weather?units=Imperial&APPID=e4068837b9354a5b158691132cc2699e&q=bathsheba,13.22,-59.52,1603807994,18.34,BB
ewa beach,ewa beach,73.4,94,1,http://api.openweathermap.org/data/2.5/weather?units=Imperial&APPID=e4068837b9354a5b158691132cc2699e&q=ewa beach,21.32,-158.01,1603807994,3.36,US
tuatapere,tuatapere,42.01,90,6,http://api.openweathermap.org/data/2.5/weather?units=Imperial&APPID=e4068837b9354a5b158691132cc2699e&q=tuatapere,-46.13,167.68,1603807994,3.6,NZ
lishui,lishui,61.52,83,0,http://api.openweathermap.org/data/2.5/weather?units=Imperial&APPID=e4068837b9354a5b158691132cc2699e&q=lishui,28.46,119.91,1603807994,2.24,CN
poya,poya,74.41,77,74,http://api.openweathermap.org/data/2.5/weather?units=Imperial&APPID=e4068837b9354a5b158691132cc2699e&q=poya,-21.35,165.15,1603807995,4.56,NC
jasper,jasper,32.0,98,90,http://api.openweathermap.org/data/2.5/weather?units=Imperial&APPID=e4068837b9354a5b158691132cc2699e&q=jasper,37.2,-94.35,1603807787,11.41,US
beira,beira,82.4,69,20,http://api.openweathermap.org/data/2.5/weather?units=Imperial&APPID=e4068837b9354a5b158691132cc2699e&q=beira,-19.84,34.84,1603807995,17.22,MZ
los alamos,los alamos,18.0,100,90,http://api.openweathermap.org/data/2.5/weather?units=Imperial&APPID=e4068837b9354a5b158691132cc2699e&q=los alamos,35.89,-106.31,1603807995,6.93,US
benghazi,benghazi,78.58,53,0,http://api.openweathermap.org/data/2.5/weather?units=Imperial&APPID=e4068837b9354a5b158691132cc2699e&q=benghazi,32.12,20.07,1603807995,14.36,LY
klaksvik,klaksvik,41.0,75,70,http://api.openweathermap.org/data/2.5/weather?units=Imperial&APPID=e4068837b9354a5b158691132cc2699e&q=klaksvik,62.23,-6.59,1603807995,13.87,FO
vila velha,vila velha,79.0,69,20,http://api.openweathermap.org/data/2.5/weather?units=Imperial&APPID=e4068837b9354a5b158691132cc2699e&q=vila velha,-20.33,-40.29,1603807974,9.17,BR
uvarovo,uvarovo,41.95,66,7,http://api.openweathermap.org/data/2.5/weather?units=Imperial&APPID=e4068837b9354a5b158691132cc2699e&q=uvarovo,51.98,42.26,1603807995,7.52,RU
viransehir,viransehir,78.04,17,0,http://api.openweathermap.org/data/2.5/weather?units=Imperial&APPID=e4068837b9354a5b158691132cc2699e&q=viransehir,37.24,39.76,1603807996,4.63,TR
colesberg,colesberg,89.08,16,76,http://api.openweathermap.org/data/2.5/weather?units=Imperial&APPID=e4068837b9354a5b158691132cc2699e&q=colesberg,-30.72,25.1,1603807996,22.59,ZA
prado,prado,81.55,72,90,http://api.openweathermap.org/data/2.5/weather?units=Imperial&APPID=e4068837b9354a5b158691132cc2699e&q=prado,-17.34,-39.22,1603807996,4.32,BR
panaba,panaba,75.09,93,100,http://api.openweathermap.org/data/2.5/weather?units=Imperial&APPID=e4068837b9354a5b158691132cc2699e&q=panaba,21.28,-88.27,1603807996,23.02,MX
porto novo,porto novo,86.0,79,40,http://api.openweathermap.org/data/2.5/weather?units=Imperial&APPID=e4068837b9354a5b158691132cc2699e&q=porto novo,6.5,2.6,1603807842,12.75,BJ
tartasesti,tartasesti,57.2,100,90,http://api.openweathermap.org/data/2.5/weather?units=Imperial&APPID=e4068837b9354a5b158691132cc2699e&q=tartasesti,44.58,25.81,1603807996,8.05,RO
san jeronimito,san jeronimito,77.0,88,75,http://api.openweathermap.org/data/2.5/weather?units=Imperial&APPID=e4068837b9354a5b158691132cc2699e&q=san jeronimito,17.55,-101.33,1603807996,3.22,MX
jardim,jardim,83.44,56,25,http://api.openweathermap.org/data/2.5/weather?units=Imperial&APPID=e4068837b9354a5b158691132cc2699e&q=jardim,-21.48,-56.14,1603807996,3.06,BR
krasnosilka,krasnosilka,66.2,68,0,http://api.openweathermap.org/data/2.5/weather?units=Imperial&APPID=e4068837b9354a5b158691132cc2699e&q=krasnosilka,46.62,30.77,1603807996,6.71,UA
algiers,algiers,69.8,37,40,http://api.openweathermap.org/data/2.5/weather?units=Imperial&APPID=e4068837b9354a5b158691132cc2699e&q=algiers,36.75,3.04,1603807748,13.87,DZ
shambu,shambu,62.58,63,0,http://api.openweathermap.org/data/2.5/weather?units=Imperial&APPID=e4068837b9354a5b158691132cc2699e&q=shambu,9.57,37.1,1603807997,3.11,ET
mapastepec,mapastepec,80.8,74,13,http://api.openweathermap.org/data/2.5/weather?units=Imperial&APPID=e4068837b9354a5b158691132cc2699e&q=mapastepec,15.43,-92.9,1603807997,1.41,MX
sitka,sitka,44.6,81,90,http://api.openweathermap.org/data/2.5/weather?units=Imperial&APPID=e4068837b9354a5b158691132cc2699e&q=sitka,57.05,-135.33,1603807997,6.15,US
grootfontein,grootfontein,96.28,10,72,http://api.openweathermap.org/data/2.5/weather?units=Imperial&APPID=e4068837b9354a5b158691132cc2699e&q=grootfontein,-19.57,18.12,1603807997,8.34,
the pas,the pas,23.0,85,90,http://api.openweathermap.org/data/2.5/weather?units=Imperial&APPID=e4068837b9354a5b158691132cc2699e&q=the pas,53.83,-101.25,1603807997,5.82,CA
kemijarvi,kemijarvi,43.48,95,100,http://api.openweathermap.org/data/2.5/weather?units=Imperial&APPID=e4068837b9354a5b158691132cc2699e&q=kemijarvi,66.71,27.43,1603807997,9.44,FI
samarai,samarai,81.19,84,86,http://api.openweathermap.org/data/2.5/weather?units=Imperial&APPID=e4068837b9354a5b158691132cc2699e&q=samarai,-10.62,150.67,1603807997,6.17,PG
port hedland,port hedland,75.2,83,75,http://api.openweathermap.org/data/2.5/weather?units=Imperial&APPID=e4068837b9354a5b158691132cc2699e&q=port hedland,-20.32,118.57,1603807997,8.05,AU
fare,fare,80.1,80,80,http://api.openweathermap.org/data/2.5/weather?units=Imperial&APPID=e4068837b9354a5b158691132cc2699e&q=fare,-16.7,-151.02,1603807998,16.96,PF
namibe,namibe,78.8,74,40,http://api.openweathermap.org/data/2.5/weather?units=Imperial&APPID=e4068837b9354a5b158691132cc2699e&q=namibe,-15.2,12.15,1603807998,13.87,AO
shimoda,shimoda,57.0,83,8,http://api.openweathermap.org/data/2.5/weather?units=Imperial&APPID=e4068837b9354a5b158691132cc2699e&q=shimoda,34.67,138.95,1603807998,6.2,JP
kribi,kribi,81.75,78,64,http://api.openweathermap.org/data/2.5/weather?units=Imperial&APPID=e4068837b9354a5b158691132cc2699e&q=kribi,2.95,9.92,1603807998,8.37,CM
sinnamary,sinnamary,85.86,67,27,http://api.openweathermap.org/data/2.5/weather?units=Imperial&APPID=e4068837b9354a5b158691132cc2699e&q=sinnamary,5.38,-52.95,1603807998,8.23,GF
tocopilla,tocopilla,66.72,50,3,http://api.openweathermap.org/data/2.5/weather?units=Imperial&APPID=e4068837b9354a5b158691132cc2699e&q=tocopilla,-22.09,-70.2,1603807998,6.17,CL
ayan,ayan,34.52,82,49,http://api.openweathermap.org/data/2.5/weather?units=Imperial&APPID=e4068837b9354a5b158691132cc2699e&q=ayan,56.45,138.17,1603807998,7.85,RU
key west,key west,86.0,88,40,http://api.openweathermap.org/data/2.5/weather?units=Imperial&APPID=e4068837b9354a5b158691132cc2699e&q=key west,24.56,-81.78,1603807758,14.99,US
port lincoln,port lincoln,56.03,85,0,http://api.openweathermap.org/data/2.5/weather?units=Imperial&APPID=e4068837b9354a5b158691132cc2699e&q=port lincoln,-34.73,135.87,1603807999,8.81,AU
talcahuano,talcahuano,55.4,66,20,http://api.openweathermap.org/data/2.5/weather?units=Imperial&APPID=e4068837b9354a5b158691132cc2699e&q=talcahuano,-36.72,-73.12,1603807752,12.75,CL
pleshanovo,pleshanovo,31.46,90,0,http://api.openweathermap.org/data/2.5/weather?units=Imperial&APPID=e4068837b9354a5b158691132cc2699e&q=pleshanovo,52.83,53.48,1603807999,7.76,RU
tala,tala,84.02,37,0,http://api.openweathermap.org/data/2.5/weather?units=Imperial&APPID=e4068837b9354a5b158691132cc2699e&q=tala,30.68,30.94,1603807999,14.2,EG
vengerovo,vengerovo,35.58,88,46,http://api.openweathermap.org/data/2.5/weather?units=Imperial&APPID=e4068837b9354a5b158691132cc2699e&q=vengerovo,55.68,76.75,1603807999,2.8,RU
zhangjiakou,zhangjiakou,40.91,50,100,http://api.openweathermap.org/data/2.5/weather?units=Imperial&APPID=e4068837b9354a5b158691132cc2699e&q=zhangjiakou,40.81,114.88,1603807999,3.06,CN
surin,surin,77.0,83,100,http://api.openweathermap.org/data/2.5/weather?units=Imperial&APPID=e4068837b9354a5b158691132cc2699e&q=surin,14.88,103.49,1603807743,6.15,TH
chicama,chicama,60.8,93,90,http://api.openweathermap.org/data/2.5/weather?units=Imperial&APPID=e4068837b9354a5b158691132cc2699e&q=chicama,-7.84,-79.15,1603807999,6.93,PE
mount pleasant,mount pleasant,70.0,100,1,http://api.openweathermap.org/data/2.5/weather?units=Imperial&APPID=e4068837b9354a5b158691132cc2699e&q=mount pleasant,32.79,-79.86,1603808000,5.1,US
cap-aux-meules,cap-aux-meules,42.8,93,90,http://api.openweathermap.org/data/2.5/weather?units=Imperial&APPID=e4068837b9354a5b158691132cc2699e&q=cap-aux-meules,47.38,-61.86,1603807981,20.8,CA
deputatskiy,deputatskiy,2.8,95,100,http://api.openweathermap.org/data/2.5/weather?units=Imperial&APPID=e4068837b9354a5b158691132cc2699e&q=deputatskiy,69.3,139.9,1603807929,0.4,RU
srednekolymsk,srednekolymsk,11.59,88,81,http://api.openweathermap.org/data/2.5/weather?units=Imperial&APPID=e4068837b9354a5b158691132cc2699e&q=srednekolymsk,67.45,153.68,1603808000,6.58,RU
adrar,adrar,96.01,10,0,http://api.openweathermap.org/data/2.5/weather?units=Imperial&APPID=e4068837b9354a5b158691132cc2699e&q=adrar,20.5,-10.07,1603808000,9.57,MR
maldonado,maldonado,63.0,82,20,http://api.openweathermap.org/data/2.5/weather?units=Imperial&APPID=e4068837b9354a5b158691132cc2699e&q=maldonado,-34.67,-54.92,1603807766,12.75,UY
opuwo,opuwo,94.82,15,89,http://api.openweathermap.org/data/2.5/weather?units=Imperial&APPID=e4068837b9354a5b158691132cc2699e&q=opuwo,-18.06,13.84,1603808000,10.16,
burgos,burgos,51.01,87,75,http://api.openweathermap.org/data/2.5/weather?units=Imperial&APPID=e4068837b9354a5b158691132cc2699e&q=burgos,42.34,-3.71,1603808000,16.11,ES
shingu,shingu,55.67,79,1,http://api.openweathermap.org/data/2.5/weather?units=Imperial&APPID=e4068837b9354a5b158691132cc2699e&q=shingu,33.73,135.98,1603808000,5.32,JP
cabano,cabano,81.79,74,88,http://api.openweathermap.org/data/2.5/weather?units=Imperial&APPID=e4068837b9354a5b158691132cc2699e&q=cabano,10.59,122.7,1603808000,2.26,PH
solnechnyy,solnechnyy,32.41,94,100,http://api.openweathermap.org/data/2.5/weather?units=Imperial&APPID=e4068837b9354a5b158691132cc2699e&q=solnechnyy,50.72,136.63,1603808000,2.1,RU
cam ranh,cam ranh,80.6,100,90,http://api.openweathermap.org/data/2.5/weather?units=Imperial&APPID=e4068837b9354a5b158691132cc2699e&q=cam ranh,11.92,109.16,1603808001,6.93,VN
celestun,celestun,80.87,82,100,http://api.openweathermap.org/data/2.5/weather?units=Imperial&APPID=e4068837b9354a5b158691132cc2699e&q=celestun,20.87,-90.4,1603808001,18.07,MX
tezu,tezu,73.71,67,0,http://api.openweathermap.org/data/2.5/weather?units=Imperial&APPID=e4068837b9354a5b158691132cc2699e&q=tezu,27.92,96.17,1603808001,3.15,IN
lata,lata,63.0,79,99,http://api.openweathermap.org/data/2.5/weather?units=Imperial&APPID=e4068837b9354a5b158691132cc2699e&q=lata,40.16,-8.33,1603808001,7.0,PT
luanda,luanda,80.6,78,75,http://api.openweathermap.org/data/2.5/weather?units=Imperial&APPID=e4068837b9354a5b158691132cc2699e&q=luanda,-8.84,13.23,1603808001,9.17,AO
waterloo,waterloo,43.0,93,90,http://api.openweathermap.org/data/2.5/weather?units=Imperial&APPID=e4068837b9354a5b158691132cc2699e&q=waterloo,43.47,-80.52,1603807765,3.36,CA
okha,okha,36.5,86,88,http://api.openweathermap.org/data/2.5/weather?units=Imperial&APPID=e4068837b9354a5b158691132cc2699e&q=okha,53.57,142.95,1603808001,4.41,RU
caribou,caribou,35.6,69,90,http://api.openweathermap.org/data/2.5/weather?units=Imperial&APPID=e4068837b9354a5b158691132cc2699e&q=caribou,46.86,-68.01,1603808001,6.93,US
baturaja,baturaja,75.0,90,100,http://api.openweathermap.org/data/2.5/weather?units=Imperial&APPID=e4068837b9354a5b158691132cc2699e&q=baturaja,-4.13,104.17,1603808001,1.14,ID
herat,herat,68.0,15,0,http://api.openweathermap.org/data/2.5/weather?units=Imperial&APPID=e4068837b9354a5b158691132cc2699e&q=herat,34.5,62.0,1603808001,6.93,AF
ust-nera,ust-nera,5.85,77,39,http://api.openweathermap.org/data/2.5/weather?units=Imperial&APPID=e4068837b9354a5b158691132cc2699e&q=ust-nera,64.57,143.2,1603808001,2.39,RU
point pedro,point pedro,81.59,75,1,http://api.openweathermap.org/data/2.5/weather?units=Imperial&APPID=e4068837b9354a5b158691132cc2699e&q=point pedro,9.82,80.23,1603808002,7.07,LK
sioux lookout,sioux lookout,19.4,73,90,http://api.openweathermap.org/data/2.5/weather?units=Imperial&APPID=e4068837b9354a5b158691132cc2699e&q=sioux lookout,50.1,-91.92,1603808002,17.22,CA
sambava,sambava,78.35,73,0,http://api.openweathermap.org/data/2.5/weather?units=Imperial&APPID=e4068837b9354a5b158691132cc2699e&q=sambava,-14.27,50.17,1603808002,10.94,MG
smidovich,smidovich,40.91,84,98,http://api.openweathermap.org/data/2.5/weather?units=Imperial&APPID=e4068837b9354a5b158691132cc2699e&q=smidovich,48.6,133.82,1603808002,6.11,RU
flinders,flinders,57.0,87,48,http://api.openweathermap.org/data/2.5/weather?units=Imperial&APPID=e4068837b9354a5b158691132cc2699e&q=flinders,-34.58,150.86,1603808002,1.01,AU
staroutkinsk,staroutkinsk,25.93,93,62,http://api.openweathermap.org/data/2.5/weather?units=Imperial&APPID=e4068837b9354a5b158691132cc2699e&q=staroutkinsk,57.23,59.33,1603808002,7.72,RU
gimli,gimli,19.99,98,100,http://api.openweathermap.org/data/2.5/weather?units=Imperial&APPID=e4068837b9354a5b158691132cc2699e&q=gimli,50.63,-96.99,1603808002,7.0,CA
morrinhos,morrinhos,84.06,55,54,http://api.openweathermap.org/data/2.5/weather?units=Imperial&APPID=e4068837b9354a5b158691132cc2699e&q=morrinhos,-17.73,-49.1,1603808002,6.89,BR
sailana,sailana,74.86,30,0,http://api.openweathermap.org/data/2.5/weather?units=Imperial&APPID=e4068837b9354a5b158691132cc2699e&q=sailana,23.47,74.92,1603808002,2.15,IN
namatanai,namatanai,79.88,77,11,http://api.openweathermap.org/data/2.5/weather?units=Imperial&APPID=e4068837b9354a5b158691132cc2699e&q=namatanai,-3.67,152.43,1603808002,2.82,PG
metro,metro,76.03,83,100,http://api.openweathermap.org/data/2.5/weather?units=Imperial&APPID=e4068837b9354a5b158691132cc2699e&q=metro,-5.11,105.31,1603808003,5.64,ID
torbat-e jam,torbat-e jam,59.86,30,0,http://api.openweathermap.org/data/2.5/weather?units=Imperial&APPID=e4068837b9354a5b158691132cc2699e&q=torbat-e jam,35.24,60.62,1603808003,14.63,IR
jaisalmer,jaisalmer,82.99,14,0,http://api.openweathermap.org/data/2.5/weather?units=Imperial&APPID=e4068837b9354a5b158691132cc2699e&q=jaisalmer,26.91,70.92,1603808003,7.45,IN
udachnyy,udachnyy,-7.6,83,75,http://api.openweathermap.org/data/2.5/weather?units=Imperial&APPID=e4068837b9354a5b158691132cc2699e&q=udachnyy,66.42,112.4,1603808003,2.24,RU
diamantino,diamantino,93.88,43,5,http://api.openweathermap.org/data/2.5/weather?units=Imperial&APPID=e4068837b9354a5b158691132cc2699e&q=diamantino,-14.41,-56.45,1603807778,4.59,BR
price,price,15.8,43,1,http://api.openweathermap.org/data/2.5/weather?units=Imperial&APPID=e4068837b9354a5b158691132cc2699e&q=price,39.6,-110.81,1603808003,4.83,US
north platte,north platte,6.8,71,1,http://api.openweathermap.org/data/2.5/weather?units=Imperial&APPID=e4068837b9354a5b158691132cc2699e&q=north platte,41.12,-100.77,1603808003,9.17,US
huangnihe,huangnihe,33.82,82,0,http://api.openweathermap.org/data/2.5/weather?units=Imperial&APPID=e4068837b9354a5b158691132cc2699e&q=huangnihe,43.56,128.02,1603808003,6.55,CN
puksoozero,puksoozero,41.0,96,100,http://api.openweathermap.org/data/2.5/weather?units=Imperial&APPID=e4068837b9354a5b158691132cc2699e&q=puksoozero,62.59,40.61,1603808003,11.05,RU
mangrol,mangrol,83.16,57,0,http://api.openweathermap.org/data/2.5/weather?units=Imperial&APPID=e4068837b9354a5b158691132cc2699e&q=mangrol,21.12,70.12,1603808003,12.66,IN
moyo,moyo,79.21,73,99,http://api.openweathermap.org/data/2.5/weather?units=Imperial&APPID=e4068837b9354a5b158691132cc2699e&q=moyo,3.66,31.72,1603808003,3.04,UG
bada,bada,25.72,84,0,http://api.openweathermap.org/data/2.5/weather?units=Imperial&APPID=e4068837b9354a5b158691132cc2699e&q=bada,51.39,109.87,1603807929,3.42,RU
ayagoz,ayagoz,51.57,43,37,http://api.openweathermap.org/data/2.5/weather?units=Imperial&APPID=e4068837b9354a5b158691132cc2699e&q=ayagoz,47.97,80.44,1603808004,21.81,KZ
kasongo-lunda,kasongo-lunda,90.39,51,85,http://api.openweathermap.org/data/2.5/weather?units=Imperial&APPID=e4068837b9354a5b158691132cc2699e&q=kasongo-lunda,-6.47,16.82,1603808004,4.07,CD
rio gallegos,rio gallegos,46.4,45,40,http://api.openweathermap.org/data/2.5/weather?units=Imperial&APPID=e4068837b9354a5b158691132cc2699e&q=rio gallegos,-51.62,-69.22,1603807883,11.41,AR
iskateley,iskateley,33.89,95,100,http://api.openweathermap.org/data/2.5/weather?units=Imperial&APPID=e4068837b9354a5b158691132cc2699e&q=iskateley,67.68,53.15,1603808004,14.61,RU
nevsehir,nevsehir,82.4,15,75,http://api.openweathermap.org/data/2.5/weather?units=Imperial&APPID=e4068837b9354a5b158691132cc2699e&q=nevsehir,38.92,34.67,1603808004,2.24,TR
komsomolskiy,komsomolskiy,55.4,58,100,http://api.openweathermap.org/data/2.5/weather?units=Imperial&APPID=e4068837b9354a5b158691132cc2699e&q=komsomolskiy,40.43,71.72,1603808004,2.24,UZ
impfondo,impfondo,84.9,75,38,http://api.openweathermap.org/data/2.5/weather?units=Imperial&APPID=e4068837b9354a5b158691132cc2699e&q=impfondo,1.64,18.07,1603808004,3.24,CG
nkhotakota,nkhotakota,85.5,45,16,http://api.openweathermap.org/data/2.5/weather?units=Imperial&APPID=e4068837b9354a5b158691132cc2699e&q=nkhotakota,-12.93,34.3,1603808004,8.81,MW
parrita,parrita,72.0,93,75,http://api.openweathermap.org/data/2.5/weather?units=Imperial&APPID=e4068837b9354a5b158691132cc2699e&q=parrita,9.52,-84.32,1603808004,2.24,CR
sorland,sorland,46.4,70,0,http://api.openweathermap.org/data/2.5/weather?units=Imperial&APPID=e4068837b9354a5b158691132cc2699e&q=sorland,67.67,12.69,1603808005,10.29,NO
risor,risor,52.0,93,75,http://api.openweathermap.org/data/2.5/weather?units=Imperial&APPID=e4068837b9354a5b158691132cc2699e&q=risor,58.72,9.23,1603808005,5.82,NO
sao mateus,sao mateus,83.23,64,95,http://api.openweathermap.org/data/2.5/weather?units=Imperial&APPID=e4068837b9354a5b158691132cc2699e&q=sao mateus,-18.72,-39.86,1603808005,4.32,BR
nyurba,nyurba,13.59,88,100,http://api.openweathermap.org/data/2.5/weather?units=Imperial&APPID=e4068837b9354a5b158691132cc2699e&q=nyurba,63.28,118.33,1603808005,2.64,RU
porto santo,porto santo,71.6,49,40,http://api.openweathermap.org/data/2.5/weather?units=Imperial&APPID=e4068837b9354a5b158691132cc2699e&q=porto santo,33.07,-16.34,1603808005,9.17,PT
tual,tual,83.07,76,80,http://api.openweathermap.org/data/2.5/weather?units=Imperial&APPID=e4068837b9354a5b158691132cc2699e&q=tual,-5.67,132.75,1603808005,9.24,ID
saint-augustin,saint-augustin,32.45,91,100,http://api.openweathermap.org/data/2.5/weather?units=Imperial&APPID=e4068837b9354a5b158691132cc2699e&q=saint-augustin,51.23,-58.65,1603808005,6.13,CA
